courses,course_name,150,150    introduction  to  the  discipline  of  statistics
courses,course_name,150,  introduction  to  the  discipline  of  statistics  150
courses,course_name,150,150
courses,course_name,150,  introduction  to  the  discipline  of  statistics
courses,course_name,200,200    special  problems  for  undergraduates
courses,course_name,200,  special  problems  for  undergraduates  200
courses,course_name,200,200
courses,course_name,200,  special  problems  for  undergraduates
courses,course_name,217,217    introduction  to  statistical  concepts  and  methods
courses,course_name,217,  introduction  to  statistical  concepts  and  methods  217
courses,course_name,217,217
courses,course_name,217,  introduction  to  statistical  concepts  and  methods
courses,course_name,218,218    applied  statistics  for  the  life  sciences
courses,course_name,218,  applied  statistics  for  the  life  sciences  218
courses,course_name,218,218
courses,course_name,218,  applied  statistics  for  the  life  sciences
courses,course_name,251,251    statistical  inference  for  management  i
courses,course_name,251,  statistical  inference  for  management  i  251
courses,course_name,251,251
courses,course_name,251,  statistical  inference  for  management  i
courses,course_name,252,252    statistical  inference  for  management  ii
courses,course_name,252,  statistical  inference  for  management  ii  252
courses,course_name,252,252
courses,course_name,252,  statistical  inference  for  management  ii
courses,course_name,270,270    selected  topics
courses,course_name,270,  selected  topics  270
courses,course_name,270,270
courses,course_name,270,  selected  topics
courses,course_name,301,301    statistics  i
courses,course_name,301,  statistics  i  301
courses,course_name,301,301
courses,course_name,301,  statistics  i
courses,course_name,302,302    statistics  ii
courses,course_name,302,  statistics  ii  302
courses,course_name,302,302
courses,course_name,302,  statistics  ii
courses,course_name,305,305    introduction  to  probability  and  simulation
courses,course_name,305,  introduction  to  probability  and  simulation  305
courses,course_name,305,305
courses,course_name,305,  introduction  to  probability  and  simulation
courses,course_name,312,312    statistical  methods  for  engineers
courses,course_name,312,  statistical  methods  for  engineers  312
courses,course_name,312,312
courses,course_name,312,  statistical  methods  for  engineers
courses,course_name,313,313    applied  experimental  design  and  regression  models
courses,course_name,313,  applied  experimental  design  and  regression  models  313
courses,course_name,313,313
courses,course_name,313,  applied  experimental  design  and  regression  models
courses,course_name,314,314    statistical  methods  for  food  science
courses,course_name,314,  statistical  methods  for  food  science  314
courses,course_name,314,314
courses,course_name,314,  statistical  methods  for  food  science
courses,course_name,321,321    probability  and  statistics  for  engineers  and  scientists
courses,course_name,321,  probability  and  statistics  for  engineers  and  scientists  321
courses,course_name,321,321
courses,course_name,321,  probability  and  statistics  for  engineers  and  scientists
courses,course_name,323,323    design  and  analysis  of  experiments  i
courses,course_name,323,  design  and  analysis  of  experiments  i  323
courses,course_name,323,323
courses,course_name,323,  design  and  analysis  of  experiments  i
courses,course_name,324,324    applied  regression  analysis
courses,course_name,324,  applied  regression  analysis  324
courses,course_name,324,324
courses,course_name,324,  applied  regression  analysis
courses,course_name,330,330    statistical  computing  with  sas
courses,course_name,330,  statistical  computing  with  sas  330
courses,course_name,330,330
courses,course_name,330,  statistical  computing  with  sas
courses,course_name,331,331    statistical  computing  with  r
courses,course_name,331,  statistical  computing  with  r  331
courses,course_name,331,331
courses,course_name,331,  statistical  computing  with  r
courses,course_name,334,334    applied  linear  models
courses,course_name,334,  applied  linear  models  334
courses,course_name,334,334
courses,course_name,334,  applied  linear  models
courses,course_name,350,350    probability  and  random  processes  for  engineers
courses,course_name,350,  probability  and  random  processes  for  engineers  350
courses,course_name,350,350
courses,course_name,350,  probability  and  random  processes  for  engineers
courses,course_name,365,365    statistical  communication
courses,course_name,365,  statistical  communication  365
courses,course_name,365,365
courses,course_name,365,  statistical  communication
courses,course_name,400,400    special  problems  for  advanced  undergraduates
courses,course_name,400,  special  problems  for  advanced  undergraduates  400
courses,course_name,400,400
courses,course_name,400,  special  problems  for  advanced  undergraduates
courses,course_name,405,405    applied  probability  models
courses,course_name,405,  applied  probability  models  405
courses,course_name,405,405
courses,course_name,405,  applied  probability  models
courses,course_name,410,410    statistics  education:  pedagogy  content  technology  and  assessment
courses,course_name,410,  statistics  education:  pedagogy  content  technology  and  assessment  410
courses,course_name,410,410
courses,course_name,410,  statistics  education:  pedagogy  content  technology  and  assessment
courses,course_name,414,414    multilevel  and  mixed  modeling
courses,course_name,414,  multilevel  and  mixed  modeling  414
courses,course_name,414,414
courses,course_name,414,  multilevel  and  mixed  modeling
courses,course_name,415,415    bayesian  reasoning  and  methods
courses,course_name,415,  bayesian  reasoning  and  methods  415
courses,course_name,415,415
courses,course_name,415,  bayesian  reasoning  and  methods
courses,course_name,416,416    statistical  analysis  of  time  series
courses,course_name,416,  statistical  analysis  of  time  series  416
courses,course_name,416,416
courses,course_name,416,  statistical  analysis  of  time  series
courses,course_name,417,417    survival  analysis  methods
courses,course_name,417,  survival  analysis  methods  417
courses,course_name,417,417
courses,course_name,417,  survival  analysis  methods
courses,course_name,418,418    categorical  data  analysis
courses,course_name,418,  categorical  data  analysis  418
courses,course_name,418,418
courses,course_name,418,  categorical  data  analysis
courses,course_name,419,419    applied  multivariate  statistics
courses,course_name,419,  applied  multivariate  statistics  419
courses,course_name,419,419
courses,course_name,419,  applied  multivariate  statistics
courses,course_name,421,421    survey  sampling  and  methodology
courses,course_name,421,  survey  sampling  and  methodology  421
courses,course_name,421,421
courses,course_name,421,  survey  sampling  and  methodology
courses,course_name,423,423    design  and  analysis  of  experiments  ii
courses,course_name,423,  design  and  analysis  of  experiments  ii  423
courses,course_name,423,423
courses,course_name,423,  design  and  analysis  of  experiments  ii
courses,course_name,425,425    probability  theory
courses,course_name,425,  probability  theory  425
courses,course_name,425,425
courses,course_name,425,  probability  theory
courses,course_name,426,426    estimation  and  sampling  theory
courses,course_name,426,  estimation  and  sampling  theory  426
courses,course_name,426,426
courses,course_name,426,  estimation  and  sampling  theory
courses,course_name,427,427    mathematical  statistics
courses,course_name,427,  mathematical  statistics  427
courses,course_name,427,427
courses,course_name,427,  mathematical  statistics
courses,course_name,431,431    advanced  statistical  computing  with  r
courses,course_name,431,  advanced  statistical  computing  with  r  431
courses,course_name,431,431
courses,course_name,431,  advanced  statistical  computing  with  r
courses,course_name,434,434    statistical  learning:  methods  and  applications
courses,course_name,434,  statistical  learning:  methods  and  applications  434
courses,course_name,434,434
courses,course_name,434,  statistical  learning:  methods  and  applications
courses,course_name,440,440    sas  certification  preparation
courses,course_name,440,  sas  certification  preparation  440
courses,course_name,440,440
courses,course_name,440,  sas  certification  preparation
courses,course_name,441,441    sas  advanced  certification  preparation
courses,course_name,441,  sas  advanced  certification  preparation  441
courses,course_name,441,441
courses,course_name,441,  sas  advanced  certification  preparation
courses,course_name,461,461    senior  project  i
courses,course_name,461,  senior  project  i  461
courses,course_name,461,461
courses,course_name,461,  senior  project  i
courses,course_name,462,462    senior  project  ii
courses,course_name,462,  senior  project  ii  462
courses,course_name,462,462
courses,course_name,462,  senior  project  ii
courses,course_name,465,465    statistical  consulting
courses,course_name,465,  statistical  consulting  465
courses,course_name,465,465
courses,course_name,465,  statistical  consulting
courses,course_name,470,470    selected  advanced  topics
courses,course_name,470,  selected  advanced  topics  470
courses,course_name,470,470
courses,course_name,470,  selected  advanced  topics
courses,course_name,485,485    cooperative  education  experience
courses,course_name,485,  cooperative  education  experience  485
courses,course_name,485,485
courses,course_name,485,  cooperative  education  experience
courses,course_name,495,495    cooperative  education  experience
courses,course_name,495,  cooperative  education  experience  495
courses,course_name,495,495
courses,course_name,495,  cooperative  education  experience
courses,course_name,511,511    statistical  methods
courses,course_name,511,  statistical  methods  511
courses,course_name,511,511
courses,course_name,511,  statistical  methods
courses,course_name,513,513    applied  experimental  design  and  regression  models
courses,course_name,513,  applied  experimental  design  and  regression  models  513
courses,course_name,513,513
courses,course_name,513,  applied  experimental  design  and  regression  models
courses,course_name,523,523    design  and  analysis  of  experiments  i
courses,course_name,523,  design  and  analysis  of  experiments  i  523
courses,course_name,523,523
courses,course_name,523,  design  and  analysis  of  experiments  i
courses,course_name,524,524    applied  regression  analysis
courses,course_name,524,  applied  regression  analysis  524
courses,course_name,524,524
courses,course_name,524,  applied  regression  analysis
courses,course_name,530,530    statistical  computing  with  sas
courses,course_name,530,  statistical  computing  with  sas  530
courses,course_name,530,530
courses,course_name,530,  statistical  computing  with  sas
courses,course_name,531,531    statistical  computing  with  r
courses,course_name,531,  statistical  computing  with  r  531
courses,course_name,531,531
courses,course_name,531,  statistical  computing  with  r
courses,course_name,542,542    statistical  methods  for  engineers
courses,course_name,542,  statistical  methods  for  engineers  542
courses,course_name,542,542
courses,course_name,542,  statistical  methods  for  engineers
courses,course_name,570,570    selected  advanced  topics
courses,course_name,570,  selected  advanced  topics  570
courses,course_name,570,570
courses,course_name,570,  selected  advanced  topics
courses,term,w,w
courses,term,w,winter
courses,term,w,w19
courses,term,w,w18
courses,term,w,winter18
courses,term,w,winter19
courses,term,w,winter20
courses,term,w,w20
courses,term,w,winter  quarter
courses,term,w,q
courses,term,f,f
courses,term,f,fall
courses,term,f,f19
courses,term,f,f18
courses,term,f,f20
courses,term,f,fall19
courses,term,f,fall20
courses,term,f,fall18
courses,term,f,fall  quarter
courses,term,sp,sp
courses,term,sp,s
courses,term,sp,spring
courses,term,sp,sp19
courses,term,sp,sp18
courses,term,sp,sp20
courses,term,sp,spring19
courses,term,sp,spring20
courses,term,sp,spring18
courses,term,sp,spring  quarter
courses,term,su,su
courses,term,su,summerq
courses,term,su,summer
courses,term,su,su19
courses,term,su,su18
courses,term,su,su20
courses,term,su,summer19
courses,term,su,summer20
courses,term,su,summer18
courses,term,su,summer  quarter
courses,course_area,ge  area  b1,b1
courses,course_area,ge  area  b1,areab1
courses,course_area,ge  area  b1,geb1
courses,course_area,ge  area  b1,ge  b1
courses,course_area,ge  area  b1,ge  area  b1
courses,course_area,ge  area  b1,area  b1
courses,course_area,ge  area  b1,b1
courses,course_area,ge  area  b6,b6
courses,course_area,ge  area  b6,areab6
courses,course_area,ge  area  b6,geb6
courses,course_area,ge  area  b6,ge  b6
courses,course_area,ge  area  b6,ge  area  b6
courses,course_area,ge  area  b6,area  b6
courses,course_area,cr/nc,credit  no  credit
courses,course_area,cr/nc,cr  no  cr
courses,course_area,cr/nc,credit
courses,course_area,cr/nc,no  credit  or  credit
courses,course_area,cr/nc,pass  or  fail
courses,course_area,cr/nc,pass/fail
faculty,faculty_last_name,afriyie,afriyie
faculty,faculty_last_name,afriyie,afriyie    prince    kwame
faculty,faculty_last_name,afriyie,pafriyie
faculty,faculty_last_name,afriyie,dr.prince
faculty,faculty_last_name,afriyie,professor  prince
faculty,faculty_last_name,afriyie,mr.prince
faculty,faculty_last_name,afriyie,mrs.prince
faculty,faculty_last_name,afriyie,dr.afriyie
faculty,faculty_last_name,afriyie,professor  afriyie
faculty,faculty_last_name,afriyie,mr.afriyie
faculty,faculty_last_name,afriyie,mrs.afriyie
faculty,faculty_last_name,afriyie,dr.afriyie    prince    kwame
faculty,faculty_last_name,afriyie,professor  afriyie    prince    kwame
faculty,faculty_last_name,afriyie,mr.afriyie    prince    kwame
faculty,faculty_last_name,afriyie,mrs.afriyie    prince    kwame
faculty,faculty_last_name,afriyie,prince
faculty,faculty_last_name,bodwin,bodwin
faculty,faculty_last_name,bodwin,bodwin    kelly    n.
faculty,faculty_last_name,bodwin,kbodwin
faculty,faculty_last_name,bodwin,dr.kelly
faculty,faculty_last_name,bodwin,professor  kelly
faculty,faculty_last_name,bodwin,mr.kelly
faculty,faculty_last_name,bodwin,mrs.kelly
faculty,faculty_last_name,bodwin,dr.bodwin
faculty,faculty_last_name,bodwin,professor  bodwin
faculty,faculty_last_name,bodwin,mr.bodwin
faculty,faculty_last_name,bodwin,mrs.bodwin
faculty,faculty_last_name,bodwin,dr.bodwin    kelly    n.
faculty,faculty_last_name,bodwin,professor  bodwin    kelly    n.
faculty,faculty_last_name,bodwin,mr.bodwin    kelly    n.
faculty,faculty_last_name,bodwin,mrs.bodwin    kelly    n.
faculty,faculty_last_name,bodwin,kelly
faculty,faculty_last_name,carlton,carlton
faculty,faculty_last_name,carlton,carlton    matthew    a.
faculty,faculty_last_name,carlton,mcarlton
faculty,faculty_last_name,carlton,dr.matthew
faculty,faculty_last_name,carlton,professor  matthew
faculty,faculty_last_name,carlton,mr.matthew
faculty,faculty_last_name,carlton,mrs.matthew
faculty,faculty_last_name,carlton,dr.carlton
faculty,faculty_last_name,carlton,professor  carlton
faculty,faculty_last_name,carlton,mr.carlton
faculty,faculty_last_name,carlton,mrs.carlton
faculty,faculty_last_name,carlton,dr.carlton    matthew    a.
faculty,faculty_last_name,carlton,professor  carlton    matthew    a.
faculty,faculty_last_name,carlton,mr.carlton    matthew    a.
faculty,faculty_last_name,carlton,mrs.carlton    matthew    a.
faculty,faculty_last_name,carlton,matthew
faculty,faculty_last_name,chance,chance
faculty,faculty_last_name,chance,chance    beth    l.
faculty,faculty_last_name,chance,bchance
faculty,faculty_last_name,chance,dr.beth
faculty,faculty_last_name,chance,professor  beth
faculty,faculty_last_name,chance,mr.beth
faculty,faculty_last_name,chance,mrs.beth
faculty,faculty_last_name,chance,dr.chance
faculty,faculty_last_name,chance,professor  chance
faculty,faculty_last_name,chance,mr.chance
faculty,faculty_last_name,chance,mrs.chance
faculty,faculty_last_name,chance,dr.chance    beth    l.
faculty,faculty_last_name,chance,professor  chance    beth    l.
faculty,faculty_last_name,chance,mr.chance    beth    l.
faculty,faculty_last_name,chance,mrs.chance    beth    l.
faculty,faculty_last_name,chance,beth
faculty,faculty_last_name,doi,doi
faculty,faculty_last_name,doi,doi    jimmy    a.
faculty,faculty_last_name,doi,jdoi
faculty,faculty_last_name,doi,dr.jimmy
faculty,faculty_last_name,doi,professor  jimmy
faculty,faculty_last_name,doi,mr.jimmy
faculty,faculty_last_name,doi,mrs.jimmy
faculty,faculty_last_name,doi,dr.doi
faculty,faculty_last_name,doi,professor  doi
faculty,faculty_last_name,doi,mr.doi
faculty,faculty_last_name,doi,mrs.doi
faculty,faculty_last_name,doi,dr.doi    jimmy    a.
faculty,faculty_last_name,doi,professor  doi    jimmy    a.
faculty,faculty_last_name,doi,mr.doi    jimmy    a.
faculty,faculty_last_name,doi,mrs.doi    jimmy    a.
faculty,faculty_last_name,doi,jimmy
faculty,faculty_last_name,frame,frame
faculty,faculty_last_name,frame,frame    samuel    joseph
faculty,faculty_last_name,frame,sframe
faculty,faculty_last_name,frame,dr.samuel
faculty,faculty_last_name,frame,professor  samuel
faculty,faculty_last_name,frame,mr.samuel
faculty,faculty_last_name,frame,mrs.samuel
faculty,faculty_last_name,frame,dr.frame
faculty,faculty_last_name,frame,professor  frame
faculty,faculty_last_name,frame,mr.frame
faculty,faculty_last_name,frame,mrs.frame
faculty,faculty_last_name,frame,dr.frame    samuel    joseph
faculty,faculty_last_name,frame,professor  frame    samuel    joseph
faculty,faculty_last_name,frame,mr.frame    samuel    joseph
faculty,faculty_last_name,frame,mrs.frame    samuel    joseph
faculty,faculty_last_name,frame,samuel
faculty,faculty_last_name,glanz,glanz
faculty,faculty_last_name,glanz,glanz    hunter    s.
faculty,faculty_last_name,glanz,hglanz
faculty,faculty_last_name,glanz,dr.hunter
faculty,faculty_last_name,glanz,professor  hunter
faculty,faculty_last_name,glanz,mr.hunter
faculty,faculty_last_name,glanz,mrs.hunter
faculty,faculty_last_name,glanz,dr.glanz
faculty,faculty_last_name,glanz,professor  glanz
faculty,faculty_last_name,glanz,mr.glanz
faculty,faculty_last_name,glanz,mrs.glanz
faculty,faculty_last_name,glanz,dr.glanz    hunter    s.
faculty,faculty_last_name,glanz,professor  glanz    hunter    s.
faculty,faculty_last_name,glanz,mr.glanz    hunter    s.
faculty,faculty_last_name,glanz,mrs.glanz    hunter    s.
faculty,faculty_last_name,glanz,hunter
faculty,faculty_last_name,hughes,hughes
faculty,faculty_last_name,hughes,hughes    gary    b.
faculty,faculty_last_name,hughes,gbhughes
faculty,faculty_last_name,hughes,dr.gary
faculty,faculty_last_name,hughes,professor  gary
faculty,faculty_last_name,hughes,mr.gary
faculty,faculty_last_name,hughes,mrs.gary
faculty,faculty_last_name,hughes,dr.hughes
faculty,faculty_last_name,hughes,professor  hughes
faculty,faculty_last_name,hughes,mr.hughes
faculty,faculty_last_name,hughes,mrs.hughes
faculty,faculty_last_name,hughes,dr.hughes    gary    b.
faculty,faculty_last_name,hughes,professor  hughes    gary    b.
faculty,faculty_last_name,hughes,mr.hughes    gary    b.
faculty,faculty_last_name,hughes,mrs.hughes    gary    b.
faculty,faculty_last_name,hughes,gary
faculty,faculty_last_name,lund,lund
faculty,faculty_last_name,lund,lund    ulric    j.
faculty,faculty_last_name,lund,ulund
faculty,faculty_last_name,lund,dr.ulric
faculty,faculty_last_name,lund,professor  ulric
faculty,faculty_last_name,lund,mr.ulric
faculty,faculty_last_name,lund,mrs.ulric
faculty,faculty_last_name,lund,dr.lund
faculty,faculty_last_name,lund,professor  lund
faculty,faculty_last_name,lund,mr.lund
faculty,faculty_last_name,lund,mrs.lund
faculty,faculty_last_name,lund,dr.lund    ulric    j.
faculty,faculty_last_name,lund,professor  lund    ulric    j.
faculty,faculty_last_name,lund,mr.lund    ulric    j.
faculty,faculty_last_name,lund,mrs.lund    ulric    j.
faculty,faculty_last_name,lund,ulric
faculty,faculty_last_name,mcgaughey,mcgaughey
faculty,faculty_last_name,mcgaughey,mcgaughey    karen    j.
faculty,faculty_last_name,mcgaughey,kmcgaugh
faculty,faculty_last_name,mcgaughey,dr.karen
faculty,faculty_last_name,mcgaughey,professor  karen
faculty,faculty_last_name,mcgaughey,mr.karen
faculty,faculty_last_name,mcgaughey,mrs.karen
faculty,faculty_last_name,mcgaughey,dr.mcgaughey
faculty,faculty_last_name,mcgaughey,professor  mcgaughey
faculty,faculty_last_name,mcgaughey,mr.mcgaughey
faculty,faculty_last_name,mcgaughey,mrs.mcgaughey
faculty,faculty_last_name,mcgaughey,dr.mcgaughey    karen    j.
faculty,faculty_last_name,mcgaughey,professor  mcgaughey    karen    j.
faculty,faculty_last_name,mcgaughey,mr.mcgaughey    karen    j.
faculty,faculty_last_name,mcgaughey,mrs.mcgaughey    karen    j.
faculty,faculty_last_name,mcgaughey,karen
faculty,faculty_last_name,pileggi,pileggi
faculty,faculty_last_name,pileggi,pileggi    shannon    mcclintock
faculty,faculty_last_name,pileggi,spileggi
faculty,faculty_last_name,pileggi,dr.shannon
faculty,faculty_last_name,pileggi,professor  shannon
faculty,faculty_last_name,pileggi,mr.shannon
faculty,faculty_last_name,pileggi,mrs.shannon
faculty,faculty_last_name,pileggi,dr.pileggi
faculty,faculty_last_name,pileggi,professor  pileggi
faculty,faculty_last_name,pileggi,mr.pileggi
faculty,faculty_last_name,pileggi,mrs.pileggi
faculty,faculty_last_name,pileggi,dr.pileggi    shannon    mcclintock
faculty,faculty_last_name,pileggi,professor  pileggi    shannon    mcclintock
faculty,faculty_last_name,pileggi,mr.pileggi    shannon    mcclintock
faculty,faculty_last_name,pileggi,mrs.pileggi    shannon    mcclintock
faculty,faculty_last_name,pileggi,shannon
faculty,faculty_last_name,roy,roy
faculty,faculty_last_name,roy,roy    soma
faculty,faculty_last_name,roy,soroy
faculty,faculty_last_name,roy,dr.soma
faculty,faculty_last_name,roy,professor  soma
faculty,faculty_last_name,roy,mr.soma
faculty,faculty_last_name,roy,mrs.soma
faculty,faculty_last_name,roy,dr.roy
faculty,faculty_last_name,roy,professor  roy
faculty,faculty_last_name,roy,mr.roy
faculty,faculty_last_name,roy,mrs.roy
faculty,faculty_last_name,roy,dr.roy    soma
faculty,faculty_last_name,roy,professor  roy    soma
faculty,faculty_last_name,roy,mr.roy    soma
faculty,faculty_last_name,roy,mrs.roy    soma
faculty,faculty_last_name,roy,soma
faculty,faculty_last_name,sabbag,sabbag
faculty,faculty_last_name,sabbag,sabbag    anelise    guimaraes
faculty,faculty_last_name,sabbag,asabbag
faculty,faculty_last_name,sabbag,dr.anelise
faculty,faculty_last_name,sabbag,professor  anelise
faculty,faculty_last_name,sabbag,mr.anelise
faculty,faculty_last_name,sabbag,mrs.anelise
faculty,faculty_last_name,sabbag,dr.sabbag
faculty,faculty_last_name,sabbag,professor  sabbag
faculty,faculty_last_name,sabbag,mr.sabbag
faculty,faculty_last_name,sabbag,mrs.sabbag
faculty,faculty_last_name,sabbag,dr.sabbag    anelise    guimaraes
faculty,faculty_last_name,sabbag,professor  sabbag    anelise    guimaraes
faculty,faculty_last_name,sabbag,mr.sabbag    anelise    guimaraes
faculty,faculty_last_name,sabbag,mrs.sabbag    anelise    guimaraes
faculty,faculty_last_name,sabbag,anelise
faculty,faculty_last_name,schaffner,schaffner
faculty,faculty_last_name,schaffner,schaffner    andrew    a.
faculty,faculty_last_name,schaffner,aschaffn
faculty,faculty_last_name,schaffner,dr.andrew
faculty,faculty_last_name,schaffner,professor  andrew
faculty,faculty_last_name,schaffner,mr.andrew
faculty,faculty_last_name,schaffner,mrs.andrew
faculty,faculty_last_name,schaffner,dr.schaffner
faculty,faculty_last_name,schaffner,professor  schaffner
faculty,faculty_last_name,schaffner,mr.schaffner
faculty,faculty_last_name,schaffner,mrs.schaffner
faculty,faculty_last_name,schaffner,dr.schaffner    andrew    a.
faculty,faculty_last_name,schaffner,professor  schaffner    andrew    a.
faculty,faculty_last_name,schaffner,mr.schaffner    andrew    a.
faculty,faculty_last_name,schaffner,mrs.schaffner    andrew    a.
faculty,faculty_last_name,schaffner,andrew
faculty,faculty_last_name,sklar,sklar
faculty,faculty_last_name,sklar,sklar    jeffrey    c.
faculty,faculty_last_name,sklar,jsklar
faculty,faculty_last_name,sklar,dr.jeffrey
faculty,faculty_last_name,sklar,professor  jeffrey
faculty,faculty_last_name,sklar,mr.jeffrey
faculty,faculty_last_name,sklar,mrs.jeffrey
faculty,faculty_last_name,sklar,dr.sklar
faculty,faculty_last_name,sklar,professor  sklar
faculty,faculty_last_name,sklar,mr.sklar
faculty,faculty_last_name,sklar,mrs.sklar
faculty,faculty_last_name,sklar,dr.sklar    jeffrey    c.
faculty,faculty_last_name,sklar,professor  sklar    jeffrey    c.
faculty,faculty_last_name,sklar,mr.sklar    jeffrey    c.
faculty,faculty_last_name,sklar,mrs.sklar    jeffrey    c.
faculty,faculty_last_name,sklar,jeffrey
faculty,faculty_last_name,sun,sun
faculty,faculty_last_name,sun,sun    dennis    liu
faculty,faculty_last_name,sun,dsun09
faculty,faculty_last_name,sun,dr.dennis
faculty,faculty_last_name,sun,professor  dennis
faculty,faculty_last_name,sun,mr.dennis
faculty,faculty_last_name,sun,mrs.dennis
faculty,faculty_last_name,sun,dr.sun
faculty,faculty_last_name,sun,professor  sun
faculty,faculty_last_name,sun,mr.sun
faculty,faculty_last_name,sun,mrs.sun
faculty,faculty_last_name,sun,dr.sun    dennis    liu
faculty,faculty_last_name,sun,professor  sun    dennis    liu
faculty,faculty_last_name,sun,mr.sun    dennis    liu
faculty,faculty_last_name,sun,mrs.sun    dennis    liu
faculty,faculty_last_name,sun,dennis
faculty,faculty_last_name,walker,walker
faculty,faculty_last_name,walker,walker    john    h.
faculty,faculty_last_name,walker,jwalker
faculty,faculty_last_name,walker,dr.john
faculty,faculty_last_name,walker,professor  john
faculty,faculty_last_name,walker,mr.john
faculty,faculty_last_name,walker,mrs.john
faculty,faculty_last_name,walker,dr.walker
faculty,faculty_last_name,walker,professor  walker
faculty,faculty_last_name,walker,mr.walker
faculty,faculty_last_name,walker,mrs.walker
faculty,faculty_last_name,walker,dr.walker    john    h.
faculty,faculty_last_name,walker,professor  walker    john    h.
faculty,faculty_last_name,walker,mr.walker    john    h.
faculty,faculty_last_name,walker,mrs.walker    john    h.
faculty,faculty_last_name,walker,john
faculty,faculty_last_name,clancy,clancy
faculty,faculty_last_name,clancy,clancy    kevin    j.
faculty,faculty_last_name,clancy,clancy
faculty,faculty_last_name,clancy,dr.kevin
faculty,faculty_last_name,clancy,professor  kevin
faculty,faculty_last_name,clancy,mr.kevin
faculty,faculty_last_name,clancy,mrs.kevin
faculty,faculty_last_name,clancy,dr.clancy
faculty,faculty_last_name,clancy,professor  clancy
faculty,faculty_last_name,clancy,mr.clancy
faculty,faculty_last_name,clancy,mrs.clancy
faculty,faculty_last_name,clancy,dr.clancy    kevin    j.
faculty,faculty_last_name,clancy,professor  clancy    kevin    j.
faculty,faculty_last_name,clancy,mr.clancy    kevin    j.
faculty,faculty_last_name,clancy,mrs.clancy    kevin    j.
faculty,faculty_last_name,clancy,kevin
faculty,faculty_last_name,dekhtyar,dekhtyar
faculty,faculty_last_name,dekhtyar,dekhtyar    olga    vladimirovna
faculty,faculty_last_name,dekhtyar,odekhtya
faculty,faculty_last_name,dekhtyar,dr.olga
faculty,faculty_last_name,dekhtyar,professor  olga
faculty,faculty_last_name,dekhtyar,mr.olga
faculty,faculty_last_name,dekhtyar,mrs.olga
faculty,faculty_last_name,dekhtyar,dr.dekhtyar
faculty,faculty_last_name,dekhtyar,professor  dekhtyar
faculty,faculty_last_name,dekhtyar,mr.dekhtyar
faculty,faculty_last_name,dekhtyar,mrs.dekhtyar
faculty,faculty_last_name,dekhtyar,dr.dekhtyar    olga    vladimirovna
faculty,faculty_last_name,dekhtyar,professor  dekhtyar    olga    vladimirovna
faculty,faculty_last_name,dekhtyar,mr.dekhtyar    olga    vladimirovna
faculty,faculty_last_name,dekhtyar,mrs.dekhtyar    olga    vladimirovna
faculty,faculty_last_name,dekhtyar,olga
faculty,faculty_last_name,grant-ghanotakis,grant-ghanotakis
faculty,faculty_last_name,grant-ghanotakis,grant-ghanotakis    billie-jo    elizabeth
faculty,faculty_last_name,grant-ghanotakis,bgrant02
faculty,faculty_last_name,grant-ghanotakis,dr.billie-jo
faculty,faculty_last_name,grant-ghanotakis,professor  billie-jo
faculty,faculty_last_name,grant-ghanotakis,mr.billie-jo
faculty,faculty_last_name,grant-ghanotakis,mrs.billie-jo
faculty,faculty_last_name,grant-ghanotakis,dr.grant-ghanotakis
faculty,faculty_last_name,grant-ghanotakis,professor  grant-ghanotakis
faculty,faculty_last_name,grant-ghanotakis,mr.grant-ghanotakis
faculty,faculty_last_name,grant-ghanotakis,mrs.grant-ghanotakis
faculty,faculty_last_name,grant-ghanotakis,dr.grant-ghanotakis    billie-jo    elizabeth
faculty,faculty_last_name,grant-ghanotakis,professor  grant-ghanotakis    billie-jo    elizabeth
faculty,faculty_last_name,grant-ghanotakis,mr.grant-ghanotakis    billie-jo    elizabeth
faculty,faculty_last_name,grant-ghanotakis,mrs.grant-ghanotakis    billie-jo    elizabeth
faculty,faculty_last_name,grant-ghanotakis,billie-jo
faculty,faculty_last_name,olenowski,olenowski
faculty,faculty_last_name,olenowski,olenowski    jay    m.
faculty,faculty_last_name,olenowski,jolenows
faculty,faculty_last_name,olenowski,dr.jay
faculty,faculty_last_name,olenowski,professor  jay
faculty,faculty_last_name,olenowski,mr.jay
faculty,faculty_last_name,olenowski,mrs.jay
faculty,faculty_last_name,olenowski,dr.olenowski
faculty,faculty_last_name,olenowski,professor  olenowski
faculty,faculty_last_name,olenowski,mr.olenowski
faculty,faculty_last_name,olenowski,mrs.olenowski
faculty,faculty_last_name,olenowski,dr.olenowski    jay    m.
faculty,faculty_last_name,olenowski,professor  olenowski    jay    m.
faculty,faculty_last_name,olenowski,mr.olenowski    jay    m.
faculty,faculty_last_name,olenowski,mrs.olenowski    jay    m.
faculty,faculty_last_name,olenowski,jay
faculty,faculty_last_name,ottesen,ottesen
faculty,faculty_last_name,ottesen,ottesen    rebecca    a.
faculty,faculty_last_name,ottesen,rottesen
faculty,faculty_last_name,ottesen,dr.rebecca
faculty,faculty_last_name,ottesen,professor  rebecca
faculty,faculty_last_name,ottesen,mr.rebecca
faculty,faculty_last_name,ottesen,mrs.rebecca
faculty,faculty_last_name,ottesen,dr.ottesen
faculty,faculty_last_name,ottesen,professor  ottesen
faculty,faculty_last_name,ottesen,mr.ottesen
faculty,faculty_last_name,ottesen,mrs.ottesen
faculty,faculty_last_name,ottesen,dr.ottesen    rebecca    a.
faculty,faculty_last_name,ottesen,professor  ottesen    rebecca    a.
faculty,faculty_last_name,ottesen,mr.ottesen    rebecca    a.
faculty,faculty_last_name,ottesen,mrs.ottesen    rebecca    a.
faculty,faculty_last_name,ottesen,rebecca
faculty,faculty_last_name,schroth-glanz,schroth-glanz
faculty,faculty_last_name,schroth-glanz,schroth-glanz    madeline    louise
faculty,faculty_last_name,schroth-glanz,mschroth
faculty,faculty_last_name,schroth-glanz,dr.madeline
faculty,faculty_last_name,schroth-glanz,professor  madeline
faculty,faculty_last_name,schroth-glanz,mr.madeline
faculty,faculty_last_name,schroth-glanz,mrs.madeline
faculty,faculty_last_name,schroth-glanz,dr.schroth-glanz
faculty,faculty_last_name,schroth-glanz,professor  schroth-glanz
faculty,faculty_last_name,schroth-glanz,mr.schroth-glanz
faculty,faculty_last_name,schroth-glanz,mrs.schroth-glanz
faculty,faculty_last_name,schroth-glanz,dr.schroth-glanz    madeline    louise
faculty,faculty_last_name,schroth-glanz,professor  schroth-glanz    madeline    louise
faculty,faculty_last_name,schroth-glanz,mr.schroth-glanz    madeline    louise
faculty,faculty_last_name,schroth-glanz,mrs.schroth-glanz    madeline    louise
faculty,faculty_last_name,schroth-glanz,madeline
faculty,faculty_last_name,smith,smith
faculty,faculty_last_name,smith,smith    heather    s.
faculty,faculty_last_name,smith,hsmith
faculty,faculty_last_name,smith,dr.heather
faculty,faculty_last_name,smith,professor  heather
faculty,faculty_last_name,smith,mr.heather
faculty,faculty_last_name,smith,mrs.heather
faculty,faculty_last_name,smith,dr.smith
faculty,faculty_last_name,smith,professor  smith
faculty,faculty_last_name,smith,mr.smith
faculty,faculty_last_name,smith,mrs.smith
faculty,faculty_last_name,smith,dr.smith    heather    s.
faculty,faculty_last_name,smith,professor  smith    heather    s.
faculty,faculty_last_name,smith,mr.smith    heather    s.
faculty,faculty_last_name,smith,mrs.smith    heather    s.
faculty,faculty_last_name,smith,heather
faculty,faculty_last_name,williams,williams
faculty,faculty_last_name,williams,williams    immanuel    james
faculty,faculty_last_name,williams,imwillia
faculty,faculty_last_name,williams,dr.immanuel
faculty,faculty_last_name,williams,professor  immanuel
faculty,faculty_last_name,williams,mr.immanuel
faculty,faculty_last_name,williams,mrs.immanuel
faculty,faculty_last_name,williams,dr.williams
faculty,faculty_last_name,williams,professor  williams
faculty,faculty_last_name,williams,mr.williams
faculty,faculty_last_name,williams,mrs.williams
faculty,faculty_last_name,williams,dr.williams    immanuel    james
faculty,faculty_last_name,williams,professor  williams    immanuel    james
faculty,faculty_last_name,williams,mr.williams    immanuel    james
faculty,faculty_last_name,williams,mrs.williams    immanuel    james
faculty,faculty_last_name,williams,immanuel
faculty,faculty_last_name,zwarg,zwarg
faculty,faculty_last_name,zwarg,zwarg    noah    alexander
faculty,faculty_last_name,zwarg,nazwarg
faculty,faculty_last_name,zwarg,dr.noah
faculty,faculty_last_name,zwarg,professor  noah
faculty,faculty_last_name,zwarg,mr.noah
faculty,faculty_last_name,zwarg,mrs.noah
faculty,faculty_last_name,zwarg,dr.zwarg
faculty,faculty_last_name,zwarg,professor  zwarg
faculty,faculty_last_name,zwarg,mr.zwarg
faculty,faculty_last_name,zwarg,mrs.zwarg
faculty,faculty_last_name,zwarg,dr.zwarg    noah    alexander
faculty,faculty_last_name,zwarg,professor  zwarg    noah    alexander
faculty,faculty_last_name,zwarg,mr.zwarg    noah    alexander
faculty,faculty_last_name,zwarg,mrs.zwarg    noah    alexander
faculty,faculty_last_name,zwarg,noah
polyratings,faculty_last_name,rees,rees
polyratings,faculty_last_name,rees,dr.rees
polyratings,faculty_last_name,rees,professorrees
polyratings,faculty_last_name,rees,mr.rees
polyratings,faculty_last_name,rees,mrs.rees
polyratings,faculty_last_name,rees,rees ,mark
polyratings,faculty_last_name,rees,markrees
polyratings,faculty_last_name,rees,mark
polyratings,faculty_last_name,rees,mr.mark
polyratings,faculty_last_name,rees,mrs.mark
polyratings,faculty_last_name,rees,professor  mark
polyratings,faculty_last_name,rees,dr.markrees
polyratings,faculty_last_name,rees,mr.markrees
polyratings,faculty_last_name,rees,mrs.markrees
polyratings,faculty_last_name,rees,professor  markrees
polyratings,faculty_last_name,hughes,hughes
polyratings,faculty_last_name,hughes,dr.hughes
polyratings,faculty_last_name,hughes,professorhughes
polyratings,faculty_last_name,hughes,mr.hughes
polyratings,faculty_last_name,hughes,mrs.hughes
polyratings,faculty_last_name,hughes,hughes ,gary
polyratings,faculty_last_name,hughes,garyhughes
polyratings,faculty_last_name,hughes,gary
polyratings,faculty_last_name,hughes,mr.gary
polyratings,faculty_last_name,hughes,mrs.gary
polyratings,faculty_last_name,hughes,professor  gary
polyratings,faculty_last_name,hughes,dr.garyhughes
polyratings,faculty_last_name,hughes,mr.garyhughes
polyratings,faculty_last_name,hughes,mrs.garyhughes
polyratings,faculty_last_name,hughes,professor  garyhughes
polyratings,faculty_last_name,rossman,rossman
polyratings,faculty_last_name,rossman,dr.rossman
polyratings,faculty_last_name,rossman,professorrossman
polyratings,faculty_last_name,rossman,mr.rossman
polyratings,faculty_last_name,rossman,mrs.rossman
polyratings,faculty_last_name,rossman,rossman ,allan
polyratings,faculty_last_name,rossman,allanrossman
polyratings,faculty_last_name,rossman,allan
polyratings,faculty_last_name,rossman,mr.allan
polyratings,faculty_last_name,rossman,mrs.allan
polyratings,faculty_last_name,rossman,professor  allan
polyratings,faculty_last_name,rossman,dr.allanrossman
polyratings,faculty_last_name,rossman,mr.allanrossman
polyratings,faculty_last_name,rossman,mrs.allanrossman
polyratings,faculty_last_name,rossman,professor  allanrossman
polyratings,faculty_last_name,dekhtyar,dekhtyar
polyratings,faculty_last_name,dekhtyar,dr.dekhtyar
polyratings,faculty_last_name,dekhtyar,professordekhtyar
polyratings,faculty_last_name,dekhtyar,mr.dekhtyar
polyratings,faculty_last_name,dekhtyar,mrs.dekhtyar
polyratings,faculty_last_name,dekhtyar,dekhtyar ,olga
polyratings,faculty_last_name,dekhtyar,olgadekhtyar
polyratings,faculty_last_name,dekhtyar,olga
polyratings,faculty_last_name,dekhtyar,mr.olga
polyratings,faculty_last_name,dekhtyar,mrs.olga
polyratings,faculty_last_name,dekhtyar,professor  olga
polyratings,faculty_last_name,dekhtyar,dr.olgadekhtyar
polyratings,faculty_last_name,dekhtyar,mr.olgadekhtyar
polyratings,faculty_last_name,dekhtyar,mrs.olgadekhtyar
polyratings,faculty_last_name,dekhtyar,professor  olgadekhtyar
polyratings,faculty_last_name,schroth-glanz,schroth-glanz
polyratings,faculty_last_name,schroth-glanz,dr.schroth-glanz
polyratings,faculty_last_name,schroth-glanz,professorschroth-glanz
polyratings,faculty_last_name,schroth-glanz,mr.schroth-glanz
polyratings,faculty_last_name,schroth-glanz,mrs.schroth-glanz
polyratings,faculty_last_name,schroth-glanz,schroth-glanz ,madeline
polyratings,faculty_last_name,schroth-glanz,madelineschroth-glanz
polyratings,faculty_last_name,schroth-glanz,madeline
polyratings,faculty_last_name,schroth-glanz,mr.madeline
polyratings,faculty_last_name,schroth-glanz,mrs.madeline
polyratings,faculty_last_name,schroth-glanz,professor  madeline
polyratings,faculty_last_name,schroth-glanz,dr.madelineschroth-glanz
polyratings,faculty_last_name,schroth-glanz,mr.madelineschroth-glanz
polyratings,faculty_last_name,schroth-glanz,mrs.madelineschroth-glanz
polyratings,faculty_last_name,schroth-glanz,professor  madelineschroth-glanz
polyratings,faculty_last_name,smith,smith
polyratings,faculty_last_name,smith,dr.smith
polyratings,faculty_last_name,smith,professorsmith
polyratings,faculty_last_name,smith,mr.smith
polyratings,faculty_last_name,smith,mrs.smith
polyratings,faculty_last_name,smith,smith ,heather
polyratings,faculty_last_name,smith,heathersmith
polyratings,faculty_last_name,smith,heather
polyratings,faculty_last_name,smith,mr.heather
polyratings,faculty_last_name,smith,mrs.heather
polyratings,faculty_last_name,smith,professor  heather
polyratings,faculty_last_name,smith,dr.heathersmith
polyratings,faculty_last_name,smith,mr.heathersmith
polyratings,faculty_last_name,smith,mrs.heathersmith
polyratings,faculty_last_name,smith,professor  heathersmith
polyratings,faculty_last_name,ottesen,ottesen
polyratings,faculty_last_name,ottesen,dr.ottesen
polyratings,faculty_last_name,ottesen,professorottesen
polyratings,faculty_last_name,ottesen,mr.ottesen
polyratings,faculty_last_name,ottesen,mrs.ottesen
polyratings,faculty_last_name,ottesen,ottesen ,rebecca
polyratings,faculty_last_name,ottesen,rebeccaottesen
polyratings,faculty_last_name,ottesen,rebecca
polyratings,faculty_last_name,ottesen,mr.rebecca
polyratings,faculty_last_name,ottesen,mrs.rebecca
polyratings,faculty_last_name,ottesen,professor  rebecca
polyratings,faculty_last_name,ottesen,dr.rebeccaottesen
polyratings,faculty_last_name,ottesen,mr.rebeccaottesen
polyratings,faculty_last_name,ottesen,mrs.rebeccaottesen
polyratings,faculty_last_name,ottesen,professor  rebeccaottesen
polyratings,faculty_last_name,ignatova,ignatova
polyratings,faculty_last_name,ignatova,dr.ignatova
polyratings,faculty_last_name,ignatova,professorignatova
polyratings,faculty_last_name,ignatova,mr.ignatova
polyratings,faculty_last_name,ignatova,mrs.ignatova
polyratings,faculty_last_name,ignatova,ignatova ,lina
polyratings,faculty_last_name,ignatova,linaignatova
polyratings,faculty_last_name,ignatova,lina
polyratings,faculty_last_name,ignatova,mr.lina
polyratings,faculty_last_name,ignatova,mrs.lina
polyratings,faculty_last_name,ignatova,professor  lina
polyratings,faculty_last_name,ignatova,dr.linaignatova
polyratings,faculty_last_name,ignatova,mr.linaignatova
polyratings,faculty_last_name,ignatova,mrs.linaignatova
polyratings,faculty_last_name,ignatova,professor  linaignatova
polyratings,faculty_last_name,ubersax,ubersax
polyratings,faculty_last_name,ubersax,dr.ubersax
polyratings,faculty_last_name,ubersax,professorubersax
polyratings,faculty_last_name,ubersax,mr.ubersax
polyratings,faculty_last_name,ubersax,mrs.ubersax
polyratings,faculty_last_name,ubersax,ubersax ,john
polyratings,faculty_last_name,ubersax,johnubersax
polyratings,faculty_last_name,ubersax,john
polyratings,faculty_last_name,ubersax,mr.john
polyratings,faculty_last_name,ubersax,mrs.john
polyratings,faculty_last_name,ubersax,professor  john
polyratings,faculty_last_name,ubersax,dr.johnubersax
polyratings,faculty_last_name,ubersax,mr.johnubersax
polyratings,faculty_last_name,ubersax,mrs.johnubersax
polyratings,faculty_last_name,ubersax,professor  johnubersax
polyratings,faculty_last_name,devore,devore
polyratings,faculty_last_name,devore,dr.devore
polyratings,faculty_last_name,devore,professordevore
polyratings,faculty_last_name,devore,mr.devore
polyratings,faculty_last_name,devore,mrs.devore
polyratings,faculty_last_name,devore,devore ,jay
polyratings,faculty_last_name,devore,jaydevore
polyratings,faculty_last_name,devore,jay
polyratings,faculty_last_name,devore,mr.jay
polyratings,faculty_last_name,devore,mrs.jay
polyratings,faculty_last_name,devore,professor  jay
polyratings,faculty_last_name,devore,dr.jaydevore
polyratings,faculty_last_name,devore,mr.jaydevore
polyratings,faculty_last_name,devore,mrs.jaydevore
polyratings,faculty_last_name,devore,professor  jaydevore
polyratings,faculty_last_name,sun,sun
polyratings,faculty_last_name,sun,dr.sun
polyratings,faculty_last_name,sun,professorsun
polyratings,faculty_last_name,sun,mr.sun
polyratings,faculty_last_name,sun,mrs.sun
polyratings,faculty_last_name,sun,sun ,dennis
polyratings,faculty_last_name,sun,dennissun
polyratings,faculty_last_name,sun,dennis
polyratings,faculty_last_name,sun,mr.dennis
polyratings,faculty_last_name,sun,mrs.dennis
polyratings,faculty_last_name,sun,professor  dennis
polyratings,faculty_last_name,sun,dr.dennissun
polyratings,faculty_last_name,sun,mr.dennissun
polyratings,faculty_last_name,sun,mrs.dennissun
polyratings,faculty_last_name,sun,professor  dennissun
polyratings,faculty_last_name,aziz,aziz
polyratings,faculty_last_name,aziz,dr.aziz
polyratings,faculty_last_name,aziz,professoraziz
polyratings,faculty_last_name,aziz,mr.aziz
polyratings,faculty_last_name,aziz,mrs.aziz
polyratings,faculty_last_name,aziz,aziz ,mohammad
polyratings,faculty_last_name,aziz,mohammadaziz
polyratings,faculty_last_name,aziz,mohammad
polyratings,faculty_last_name,aziz,mr.mohammad
polyratings,faculty_last_name,aziz,mrs.mohammad
polyratings,faculty_last_name,aziz,professor  mohammad
polyratings,faculty_last_name,aziz,dr.mohammadaziz
polyratings,faculty_last_name,aziz,mr.mohammadaziz
polyratings,faculty_last_name,aziz,mrs.mohammadaziz
polyratings,faculty_last_name,aziz,professor  mohammadaziz
polyratings,faculty_last_name,devore,devore
polyratings,faculty_last_name,devore,dr.devore
polyratings,faculty_last_name,devore,professordevore
polyratings,faculty_last_name,devore,mr.devore
polyratings,faculty_last_name,devore,mrs.devore
polyratings,faculty_last_name,devore,devore ,jay
polyratings,faculty_last_name,devore,jaydevore
polyratings,faculty_last_name,devore,jay
polyratings,faculty_last_name,devore,mr.jay
polyratings,faculty_last_name,devore,mrs.jay
polyratings,faculty_last_name,devore,professor  jay
polyratings,faculty_last_name,devore,dr.jaydevore
polyratings,faculty_last_name,devore,mr.jaydevore
polyratings,faculty_last_name,devore,mrs.jaydevore
polyratings,faculty_last_name,devore,professor  jaydevore
polyratings,faculty_last_name,schaffner,schaffner
polyratings,faculty_last_name,schaffner,dr.schaffner
polyratings,faculty_last_name,schaffner,professorschaffner
polyratings,faculty_last_name,schaffner,mr.schaffner
polyratings,faculty_last_name,schaffner,mrs.schaffner
polyratings,faculty_last_name,schaffner,schaffner ,andrew
polyratings,faculty_last_name,schaffner,andrewschaffner
polyratings,faculty_last_name,schaffner,andrew
polyratings,faculty_last_name,schaffner,mr.andrew
polyratings,faculty_last_name,schaffner,mrs.andrew
polyratings,faculty_last_name,schaffner,professor  andrew
polyratings,faculty_last_name,schaffner,dr.andrewschaffner
polyratings,faculty_last_name,schaffner,mr.andrewschaffner
polyratings,faculty_last_name,schaffner,mrs.andrewschaffner
polyratings,faculty_last_name,schaffner,professor  andrewschaffner
polyratings,faculty_last_name,schroth-glanz,schroth-glanz
polyratings,faculty_last_name,schroth-glanz,dr.schroth-glanz
polyratings,faculty_last_name,schroth-glanz,professorschroth-glanz
polyratings,faculty_last_name,schroth-glanz,mr.schroth-glanz
polyratings,faculty_last_name,schroth-glanz,mrs.schroth-glanz
polyratings,faculty_last_name,schroth-glanz,schroth-glanz ,madeline
polyratings,faculty_last_name,schroth-glanz,madelineschroth-glanz
polyratings,faculty_last_name,schroth-glanz,madeline
polyratings,faculty_last_name,schroth-glanz,mr.madeline
polyratings,faculty_last_name,schroth-glanz,mrs.madeline
polyratings,faculty_last_name,schroth-glanz,professor  madeline
polyratings,faculty_last_name,schroth-glanz,dr.madelineschroth-glanz
polyratings,faculty_last_name,schroth-glanz,mr.madelineschroth-glanz
polyratings,faculty_last_name,schroth-glanz,mrs.madelineschroth-glanz
polyratings,faculty_last_name,schroth-glanz,professor  madelineschroth-glanz
polyratings,faculty_last_name,dekhtyar,dekhtyar
polyratings,faculty_last_name,dekhtyar,dr.dekhtyar
polyratings,faculty_last_name,dekhtyar,professordekhtyar
polyratings,faculty_last_name,dekhtyar,mr.dekhtyar
polyratings,faculty_last_name,dekhtyar,mrs.dekhtyar
polyratings,faculty_last_name,dekhtyar,dekhtyar ,olga
polyratings,faculty_last_name,dekhtyar,olgadekhtyar
polyratings,faculty_last_name,dekhtyar,olga
polyratings,faculty_last_name,dekhtyar,mr.olga
polyratings,faculty_last_name,dekhtyar,mrs.olga
polyratings,faculty_last_name,dekhtyar,professor  olga
polyratings,faculty_last_name,dekhtyar,dr.olgadekhtyar
polyratings,faculty_last_name,dekhtyar,mr.olgadekhtyar
polyratings,faculty_last_name,dekhtyar,mrs.olgadekhtyar
polyratings,faculty_last_name,dekhtyar,professor  olgadekhtyar
polyratings,faculty_last_name,mcgaughey,mcgaughey
polyratings,faculty_last_name,mcgaughey,dr.mcgaughey
polyratings,faculty_last_name,mcgaughey,professormcgaughey
polyratings,faculty_last_name,mcgaughey,mr.mcgaughey
polyratings,faculty_last_name,mcgaughey,mrs.mcgaughey
polyratings,faculty_last_name,mcgaughey,mcgaughey ,karen
polyratings,faculty_last_name,mcgaughey,karenmcgaughey
polyratings,faculty_last_name,mcgaughey,karen
polyratings,faculty_last_name,mcgaughey,mr.karen
polyratings,faculty_last_name,mcgaughey,mrs.karen
polyratings,faculty_last_name,mcgaughey,professor  karen
polyratings,faculty_last_name,mcgaughey,dr.karenmcgaughey
polyratings,faculty_last_name,mcgaughey,mr.karenmcgaughey
polyratings,faculty_last_name,mcgaughey,mrs.karenmcgaughey
polyratings,faculty_last_name,mcgaughey,professor  karenmcgaughey
polyratings,faculty_last_name,ubersax,ubersax
polyratings,faculty_last_name,ubersax,dr.ubersax
polyratings,faculty_last_name,ubersax,professorubersax
polyratings,faculty_last_name,ubersax,mr.ubersax
polyratings,faculty_last_name,ubersax,mrs.ubersax
polyratings,faculty_last_name,ubersax,ubersax ,john
polyratings,faculty_last_name,ubersax,johnubersax
polyratings,faculty_last_name,ubersax,john
polyratings,faculty_last_name,ubersax,mr.john
polyratings,faculty_last_name,ubersax,mrs.john
polyratings,faculty_last_name,ubersax,professor  john
polyratings,faculty_last_name,ubersax,dr.johnubersax
polyratings,faculty_last_name,ubersax,mr.johnubersax
polyratings,faculty_last_name,ubersax,mrs.johnubersax
polyratings,faculty_last_name,ubersax,professor  johnubersax
polyratings,faculty_last_name,balakrishnan,balakrishnan
polyratings,faculty_last_name,balakrishnan,dr.balakrishnan
polyratings,faculty_last_name,balakrishnan,professorbalakrishnan
polyratings,faculty_last_name,balakrishnan,mr.balakrishnan
polyratings,faculty_last_name,balakrishnan,mrs.balakrishnan
polyratings,faculty_last_name,balakrishnan,balakrishnan ,jerald
polyratings,faculty_last_name,balakrishnan,jeraldbalakrishnan
polyratings,faculty_last_name,balakrishnan,jerald
polyratings,faculty_last_name,balakrishnan,mr.jerald
polyratings,faculty_last_name,balakrishnan,mrs.jerald
polyratings,faculty_last_name,balakrishnan,professor  jerald
polyratings,faculty_last_name,balakrishnan,dr.jeraldbalakrishnan
polyratings,faculty_last_name,balakrishnan,mr.jeraldbalakrishnan
polyratings,faculty_last_name,balakrishnan,mrs.jeraldbalakrishnan
polyratings,faculty_last_name,balakrishnan,professor  jeraldbalakrishnan
polyratings,faculty_last_name,pollard,pollard
polyratings,faculty_last_name,pollard,dr.pollard
polyratings,faculty_last_name,pollard,professorpollard
polyratings,faculty_last_name,pollard,mr.pollard
polyratings,faculty_last_name,pollard,mrs.pollard
polyratings,faculty_last_name,pollard,pollard ,richard
polyratings,faculty_last_name,pollard,richardpollard
polyratings,faculty_last_name,pollard,richard
polyratings,faculty_last_name,pollard,mr.richard
polyratings,faculty_last_name,pollard,mrs.richard
polyratings,faculty_last_name,pollard,professor  richard
polyratings,faculty_last_name,pollard,dr.richardpollard
polyratings,faculty_last_name,pollard,mr.richardpollard
polyratings,faculty_last_name,pollard,mrs.richardpollard
polyratings,faculty_last_name,pollard,professor  richardpollard
polyratings,faculty_last_name,walker,walker
polyratings,faculty_last_name,walker,dr.walker
polyratings,faculty_last_name,walker,professorwalker
polyratings,faculty_last_name,walker,mr.walker
polyratings,faculty_last_name,walker,mrs.walker
polyratings,faculty_last_name,walker,walker ,john
polyratings,faculty_last_name,walker,johnwalker
polyratings,faculty_last_name,walker,john
polyratings,faculty_last_name,walker,mr.john
polyratings,faculty_last_name,walker,mrs.john
polyratings,faculty_last_name,walker,professor  john
polyratings,faculty_last_name,walker,dr.johnwalker
polyratings,faculty_last_name,walker,mr.johnwalker
polyratings,faculty_last_name,walker,mrs.johnwalker
polyratings,faculty_last_name,walker,professor  johnwalker
polyratings,faculty_last_name,pennelly,pennelly
polyratings,faculty_last_name,pennelly,dr.pennelly
polyratings,faculty_last_name,pennelly,professorpennelly
polyratings,faculty_last_name,pennelly,mr.pennelly
polyratings,faculty_last_name,pennelly,mrs.pennelly
polyratings,faculty_last_name,pennelly,pennelly ,les
polyratings,faculty_last_name,pennelly,lespennelly
polyratings,faculty_last_name,pennelly,les
polyratings,faculty_last_name,pennelly,mr.les
polyratings,faculty_last_name,pennelly,mrs.les
polyratings,faculty_last_name,pennelly,professor  les
polyratings,faculty_last_name,pennelly,dr.lespennelly
polyratings,faculty_last_name,pennelly,mr.lespennelly
polyratings,faculty_last_name,pennelly,mrs.lespennelly
polyratings,faculty_last_name,pennelly,professor  lespennelly
polyratings,faculty_last_name,balakrishnan,balakrishnan
polyratings,faculty_last_name,balakrishnan,dr.balakrishnan
polyratings,faculty_last_name,balakrishnan,professorbalakrishnan
polyratings,faculty_last_name,balakrishnan,mr.balakrishnan
polyratings,faculty_last_name,balakrishnan,mrs.balakrishnan
polyratings,faculty_last_name,balakrishnan,balakrishnan ,jerald
polyratings,faculty_last_name,balakrishnan,jeraldbalakrishnan
polyratings,faculty_last_name,balakrishnan,jerald
polyratings,faculty_last_name,balakrishnan,mr.jerald
polyratings,faculty_last_name,balakrishnan,mrs.jerald
polyratings,faculty_last_name,balakrishnan,professor  jerald
polyratings,faculty_last_name,balakrishnan,dr.jeraldbalakrishnan
polyratings,faculty_last_name,balakrishnan,mr.jeraldbalakrishnan
polyratings,faculty_last_name,balakrishnan,mrs.jeraldbalakrishnan
polyratings,faculty_last_name,balakrishnan,professor  jeraldbalakrishnan
polyratings,faculty_last_name,pennelly,pennelly
polyratings,faculty_last_name,pennelly,dr.pennelly
polyratings,faculty_last_name,pennelly,professorpennelly
polyratings,faculty_last_name,pennelly,mr.pennelly
polyratings,faculty_last_name,pennelly,mrs.pennelly
polyratings,faculty_last_name,pennelly,pennelly ,les
polyratings,faculty_last_name,pennelly,lespennelly
polyratings,faculty_last_name,pennelly,les
polyratings,faculty_last_name,pennelly,mr.les
polyratings,faculty_last_name,pennelly,mrs.les
polyratings,faculty_last_name,pennelly,professor  les
polyratings,faculty_last_name,pennelly,dr.lespennelly
polyratings,faculty_last_name,pennelly,mr.lespennelly
polyratings,faculty_last_name,pennelly,mrs.lespennelly
polyratings,faculty_last_name,pennelly,professor  lespennelly
polyratings,faculty_last_name,coleman,coleman
polyratings,faculty_last_name,coleman,dr.coleman
polyratings,faculty_last_name,coleman,professorcoleman
polyratings,faculty_last_name,coleman,mr.coleman
polyratings,faculty_last_name,coleman,mrs.coleman
polyratings,faculty_last_name,coleman,coleman ,john
polyratings,faculty_last_name,coleman,johncoleman
polyratings,faculty_last_name,coleman,john
polyratings,faculty_last_name,coleman,mr.john
polyratings,faculty_last_name,coleman,mrs.john
polyratings,faculty_last_name,coleman,professor  john
polyratings,faculty_last_name,coleman,dr.johncoleman
polyratings,faculty_last_name,coleman,mr.johncoleman
polyratings,faculty_last_name,coleman,mrs.johncoleman
polyratings,faculty_last_name,coleman,professor  johncoleman
polyratings,faculty_last_name,lund,lund
polyratings,faculty_last_name,lund,dr.lund
polyratings,faculty_last_name,lund,professorlund
polyratings,faculty_last_name,lund,mr.lund
polyratings,faculty_last_name,lund,mrs.lund
polyratings,faculty_last_name,lund,lund ,ulric
polyratings,faculty_last_name,lund,ulriclund
polyratings,faculty_last_name,lund,ulric
polyratings,faculty_last_name,lund,mr.ulric
polyratings,faculty_last_name,lund,mrs.ulric
polyratings,faculty_last_name,lund,professor  ulric
polyratings,faculty_last_name,lund,dr.ulriclund
polyratings,faculty_last_name,lund,mr.ulriclund
polyratings,faculty_last_name,lund,mrs.ulriclund
polyratings,faculty_last_name,lund,professor  ulriclund
polyratings,faculty_last_name,hughes,hughes
polyratings,faculty_last_name,hughes,dr.hughes
polyratings,faculty_last_name,hughes,professorhughes
polyratings,faculty_last_name,hughes,mr.hughes
polyratings,faculty_last_name,hughes,mrs.hughes
polyratings,faculty_last_name,hughes,hughes ,gary
polyratings,faculty_last_name,hughes,garyhughes
polyratings,faculty_last_name,hughes,gary
polyratings,faculty_last_name,hughes,mr.gary
polyratings,faculty_last_name,hughes,mrs.gary
polyratings,faculty_last_name,hughes,professor  gary
polyratings,faculty_last_name,hughes,dr.garyhughes
polyratings,faculty_last_name,hughes,mr.garyhughes
polyratings,faculty_last_name,hughes,mrs.garyhughes
polyratings,faculty_last_name,hughes,professor  garyhughes
polyratings,faculty_last_name,smidt,smidt
polyratings,faculty_last_name,smidt,dr.smidt
polyratings,faculty_last_name,smidt,professorsmidt
polyratings,faculty_last_name,smidt,mr.smidt
polyratings,faculty_last_name,smidt,mrs.smidt
polyratings,faculty_last_name,smidt,smidt ,robert
polyratings,faculty_last_name,smidt,robertsmidt
polyratings,faculty_last_name,smidt,robert
polyratings,faculty_last_name,smidt,mr.robert
polyratings,faculty_last_name,smidt,mrs.robert
polyratings,faculty_last_name,smidt,professor  robert
polyratings,faculty_last_name,smidt,dr.robertsmidt
polyratings,faculty_last_name,smidt,mr.robertsmidt
polyratings,faculty_last_name,smidt,mrs.robertsmidt
polyratings,faculty_last_name,smidt,professor  robertsmidt
polyratings,faculty_last_name,smidt,smidt
polyratings,faculty_last_name,smidt,dr.smidt
polyratings,faculty_last_name,smidt,professorsmidt
polyratings,faculty_last_name,smidt,mr.smidt
polyratings,faculty_last_name,smidt,mrs.smidt
polyratings,faculty_last_name,smidt,smidt ,robert
polyratings,faculty_last_name,smidt,robertsmidt
polyratings,faculty_last_name,smidt,robert
polyratings,faculty_last_name,smidt,mr.robert
polyratings,faculty_last_name,smidt,mrs.robert
polyratings,faculty_last_name,smidt,professor  robert
polyratings,faculty_last_name,smidt,dr.robertsmidt
polyratings,faculty_last_name,smidt,mr.robertsmidt
polyratings,faculty_last_name,smidt,mrs.robertsmidt
polyratings,faculty_last_name,smidt,professor  robertsmidt
polyratings,faculty_last_name,frame,frame
polyratings,faculty_last_name,frame,dr.frame
polyratings,faculty_last_name,frame,professorframe
polyratings,faculty_last_name,frame,mr.frame
polyratings,faculty_last_name,frame,mrs.frame
polyratings,faculty_last_name,frame,frame ,samuel
polyratings,faculty_last_name,frame,samuelframe
polyratings,faculty_last_name,frame,samuel
polyratings,faculty_last_name,frame,mr.samuel
polyratings,faculty_last_name,frame,mrs.samuel
polyratings,faculty_last_name,frame,professor  samuel
polyratings,faculty_last_name,frame,dr.samuelframe
polyratings,faculty_last_name,frame,mr.samuelframe
polyratings,faculty_last_name,frame,mrs.samuelframe
polyratings,faculty_last_name,frame,professor  samuelframe
polyratings,faculty_last_name,walker,walker
polyratings,faculty_last_name,walker,dr.walker
polyratings,faculty_last_name,walker,professorwalker
polyratings,faculty_last_name,walker,mr.walker
polyratings,faculty_last_name,walker,mrs.walker
polyratings,faculty_last_name,walker,walker ,john
polyratings,faculty_last_name,walker,johnwalker
polyratings,faculty_last_name,walker,john
polyratings,faculty_last_name,walker,mr.john
polyratings,faculty_last_name,walker,mrs.john
polyratings,faculty_last_name,walker,professor  john
polyratings,faculty_last_name,walker,dr.johnwalker
polyratings,faculty_last_name,walker,mr.johnwalker
polyratings,faculty_last_name,walker,mrs.johnwalker
polyratings,faculty_last_name,walker,professor  johnwalker
polyratings,faculty_last_name,mirahmad,mirahmad
polyratings,faculty_last_name,mirahmad,dr.mirahmad
polyratings,faculty_last_name,mirahmad,professormirahmad
polyratings,faculty_last_name,mirahmad,mr.mirahmad
polyratings,faculty_last_name,mirahmad,mrs.mirahmad
polyratings,faculty_last_name,mirahmad,mirahmad ,mortazavi  izadi
polyratings,faculty_last_name,mirahmad,mortazavi  izadimirahmad
polyratings,faculty_last_name,mirahmad,mortazavi  izadi
polyratings,faculty_last_name,mirahmad,mr.mortazavi  izadi
polyratings,faculty_last_name,mirahmad,mrs.mortazavi  izadi
polyratings,faculty_last_name,mirahmad,professor  mortazavi  izadi
polyratings,faculty_last_name,mirahmad,dr.mortazavi  izadimirahmad
polyratings,faculty_last_name,mirahmad,mr.mortazavi  izadimirahmad
polyratings,faculty_last_name,mirahmad,mrs.mortazavi  izadimirahmad
polyratings,faculty_last_name,mirahmad,professor  mortazavi  izadimirahmad
polyratings,faculty_last_name,rein,rein
polyratings,faculty_last_name,rein,dr.rein
polyratings,faculty_last_name,rein,professorrein
polyratings,faculty_last_name,rein,mr.rein
polyratings,faculty_last_name,rein,mrs.rein
polyratings,faculty_last_name,rein,rein ,steve
polyratings,faculty_last_name,rein,steverein
polyratings,faculty_last_name,rein,steve
polyratings,faculty_last_name,rein,mr.steve
polyratings,faculty_last_name,rein,mrs.steve
polyratings,faculty_last_name,rein,professor  steve
polyratings,faculty_last_name,rein,dr.steverein
polyratings,faculty_last_name,rein,mr.steverein
polyratings,faculty_last_name,rein,mrs.steverein
polyratings,faculty_last_name,rein,professor  steverein
polyratings,faculty_last_name,frame,frame
polyratings,faculty_last_name,frame,dr.frame
polyratings,faculty_last_name,frame,professorframe
polyratings,faculty_last_name,frame,mr.frame
polyratings,faculty_last_name,frame,mrs.frame
polyratings,faculty_last_name,frame,frame ,samuel
polyratings,faculty_last_name,frame,samuelframe
polyratings,faculty_last_name,frame,samuel
polyratings,faculty_last_name,frame,mr.samuel
polyratings,faculty_last_name,frame,mrs.samuel
polyratings,faculty_last_name,frame,professor  samuel
polyratings,faculty_last_name,frame,dr.samuelframe
polyratings,faculty_last_name,frame,mr.samuelframe
polyratings,faculty_last_name,frame,mrs.samuelframe
polyratings,faculty_last_name,frame,professor  samuelframe
polyratings,faculty_last_name,carlton,carlton
polyratings,faculty_last_name,carlton,dr.carlton
polyratings,faculty_last_name,carlton,professorcarlton
polyratings,faculty_last_name,carlton,mr.carlton
polyratings,faculty_last_name,carlton,mrs.carlton
polyratings,faculty_last_name,carlton,carlton ,matt
polyratings,faculty_last_name,carlton,mattcarlton
polyratings,faculty_last_name,carlton,matt
polyratings,faculty_last_name,carlton,mr.matt
polyratings,faculty_last_name,carlton,mrs.matt
polyratings,faculty_last_name,carlton,professor  matt
polyratings,faculty_last_name,carlton,dr.mattcarlton
polyratings,faculty_last_name,carlton,mr.mattcarlton
polyratings,faculty_last_name,carlton,mrs.mattcarlton
polyratings,faculty_last_name,carlton,professor  mattcarlton
polyratings,faculty_last_name,ignatova,ignatova
polyratings,faculty_last_name,ignatova,dr.ignatova
polyratings,faculty_last_name,ignatova,professorignatova
polyratings,faculty_last_name,ignatova,mr.ignatova
polyratings,faculty_last_name,ignatova,mrs.ignatova
polyratings,faculty_last_name,ignatova,ignatova ,lina
polyratings,faculty_last_name,ignatova,linaignatova
polyratings,faculty_last_name,ignatova,lina
polyratings,faculty_last_name,ignatova,mr.lina
polyratings,faculty_last_name,ignatova,mrs.lina
polyratings,faculty_last_name,ignatova,professor  lina
polyratings,faculty_last_name,ignatova,dr.linaignatova
polyratings,faculty_last_name,ignatova,mr.linaignatova
polyratings,faculty_last_name,ignatova,mrs.linaignatova
polyratings,faculty_last_name,ignatova,professor  linaignatova
polyratings,faculty_last_name,coleman,coleman
polyratings,faculty_last_name,coleman,dr.coleman
polyratings,faculty_last_name,coleman,professorcoleman
polyratings,faculty_last_name,coleman,mr.coleman
polyratings,faculty_last_name,coleman,mrs.coleman
polyratings,faculty_last_name,coleman,coleman ,john
polyratings,faculty_last_name,coleman,johncoleman
polyratings,faculty_last_name,coleman,john
polyratings,faculty_last_name,coleman,mr.john
polyratings,faculty_last_name,coleman,mrs.john
polyratings,faculty_last_name,coleman,professor  john
polyratings,faculty_last_name,coleman,dr.johncoleman
polyratings,faculty_last_name,coleman,mr.johncoleman
polyratings,faculty_last_name,coleman,mrs.johncoleman
polyratings,faculty_last_name,coleman,professor  johncoleman
polyratings,faculty_last_name,aziz,aziz
polyratings,faculty_last_name,aziz,dr.aziz
polyratings,faculty_last_name,aziz,professoraziz
polyratings,faculty_last_name,aziz,mr.aziz
polyratings,faculty_last_name,aziz,mrs.aziz
polyratings,faculty_last_name,aziz,aziz ,mohammad
polyratings,faculty_last_name,aziz,mohammadaziz
polyratings,faculty_last_name,aziz,mohammad
polyratings,faculty_last_name,aziz,mr.mohammad
polyratings,faculty_last_name,aziz,mrs.mohammad
polyratings,faculty_last_name,aziz,professor  mohammad
polyratings,faculty_last_name,aziz,dr.mohammadaziz
polyratings,faculty_last_name,aziz,mr.mohammadaziz
polyratings,faculty_last_name,aziz,mrs.mohammadaziz
polyratings,faculty_last_name,aziz,professor  mohammadaziz
polyratings,faculty_last_name,schroth-glanz,schroth-glanz
polyratings,faculty_last_name,schroth-glanz,dr.schroth-glanz
polyratings,faculty_last_name,schroth-glanz,professorschroth-glanz
polyratings,faculty_last_name,schroth-glanz,mr.schroth-glanz
polyratings,faculty_last_name,schroth-glanz,mrs.schroth-glanz
polyratings,faculty_last_name,schroth-glanz,schroth-glanz ,madeline
polyratings,faculty_last_name,schroth-glanz,madelineschroth-glanz
polyratings,faculty_last_name,schroth-glanz,madeline
polyratings,faculty_last_name,schroth-glanz,mr.madeline
polyratings,faculty_last_name,schroth-glanz,mrs.madeline
polyratings,faculty_last_name,schroth-glanz,professor  madeline
polyratings,faculty_last_name,schroth-glanz,dr.madelineschroth-glanz
polyratings,faculty_last_name,schroth-glanz,mr.madelineschroth-glanz
polyratings,faculty_last_name,schroth-glanz,mrs.madelineschroth-glanz
polyratings,faculty_last_name,schroth-glanz,professor  madelineschroth-glanz
polyratings,faculty_last_name,schaffner,schaffner
polyratings,faculty_last_name,schaffner,dr.schaffner
polyratings,faculty_last_name,schaffner,professorschaffner
polyratings,faculty_last_name,schaffner,mr.schaffner
polyratings,faculty_last_name,schaffner,mrs.schaffner
polyratings,faculty_last_name,schaffner,schaffner ,andrew
polyratings,faculty_last_name,schaffner,andrewschaffner
polyratings,faculty_last_name,schaffner,andrew
polyratings,faculty_last_name,schaffner,mr.andrew
polyratings,faculty_last_name,schaffner,mrs.andrew
polyratings,faculty_last_name,schaffner,professor  andrew
polyratings,faculty_last_name,schaffner,dr.andrewschaffner
polyratings,faculty_last_name,schaffner,mr.andrewschaffner
polyratings,faculty_last_name,schaffner,mrs.andrewschaffner
polyratings,faculty_last_name,schaffner,professor  andrewschaffner
polyratings,faculty_last_name,schroth-glanz,schroth-glanz
polyratings,faculty_last_name,schroth-glanz,dr.schroth-glanz
polyratings,faculty_last_name,schroth-glanz,professorschroth-glanz
polyratings,faculty_last_name,schroth-glanz,mr.schroth-glanz
polyratings,faculty_last_name,schroth-glanz,mrs.schroth-glanz
polyratings,faculty_last_name,schroth-glanz,schroth-glanz ,madeline
polyratings,faculty_last_name,schroth-glanz,madelineschroth-glanz
polyratings,faculty_last_name,schroth-glanz,madeline
polyratings,faculty_last_name,schroth-glanz,mr.madeline
polyratings,faculty_last_name,schroth-glanz,mrs.madeline
polyratings,faculty_last_name,schroth-glanz,professor  madeline
polyratings,faculty_last_name,schroth-glanz,dr.madelineschroth-glanz
polyratings,faculty_last_name,schroth-glanz,mr.madelineschroth-glanz
polyratings,faculty_last_name,schroth-glanz,mrs.madelineschroth-glanz
polyratings,faculty_last_name,schroth-glanz,professor  madelineschroth-glanz
sections,course_num,427,mathematical    statistics
sections,course_num,427,statistics    427    mathematical    statistics
sections,course_num,010-0115,erhart    agriculture    room    0115
sections,course_num,010-0115,erhart    agriculture  
sections,course_num,010-0115,erhart
sections,course_num,010-0115,erhartagriculture
sections,course_room,010-0115,010-0115
sections,course_num,427,mathematical    statistics
sections,course_num,427,statistics    427    mathematical    statistics
sections,course_num,010-0115,erhart    agriculture    room    0115
sections,course_num,010-0115,erhart    agriculture  
sections,course_num,010-0115,erhart
sections,course_num,010-0115,erhartagriculture
sections,course_room,010-0115,010-0115
sections,course_num,419,applied    multivariate    statistics
sections,course_num,419,statistics    419    applied    multivariate    statistics
sections,course_num,038-0123,mathematics    and    science    room    0123
sections,course_num,038-0123,mathematics    and    science  
sections,course_num,038-0123,mathematics
sections,course_num,038-0123,mathematicsand
sections,course_room,038-0123,038-0123
sections,course_num,419,applied    multivariate    statistics
sections,course_num,419,statistics    419    applied    multivariate    statistics
sections,course_num,038-0123,mathematics    and    science    room    0123
sections,course_num,038-0123,mathematics    and    science  
sections,course_num,038-0123,mathematics
sections,course_num,038-0123,mathematicsand
sections,course_room,038-0123,038-0123
sections,course_num,302,statistics    ii
sections,course_num,302,statistics    302    statistics    ii
sections,course_num,186-c203,construction    innovations    center    room    c203
sections,course_num,186-c203,construction    innovations    center  
sections,course_num,186-c203,construction
sections,course_num,186-c203,constructioninnovations
sections,course_room,186-c203,186-c203
sections,course_num,302,statistics    ii
sections,course_num,302,statistics    302    statistics    ii
sections,course_num,186-c203,construction    innovations    center    room    c203
sections,course_num,186-c203,construction    innovations    center  
sections,course_num,186-c203,construction
sections,course_num,186-c203,constructioninnovations
sections,course_room,186-c203,186-c203
sections,course_num,365,statistical    communication
sections,course_num,365,statistics    365    statistical    communication
sections,course_num,038-0123,mathematics    and    science    room    0123
sections,course_num,038-0123,mathematics    and    science  
sections,course_num,038-0123,mathematics
sections,course_num,038-0123,mathematicsand
sections,course_room,038-0123,038-0123
sections,course_num,365,statistical    communication
sections,course_num,365,statistics    365    statistical    communication
sections,course_num,038-0123,mathematics    and    science    room    0123
sections,course_num,038-0123,mathematics    and    science  
sections,course_num,038-0123,mathematics
sections,course_num,038-0123,mathematicsand
sections,course_room,038-0123,038-0123
sections,course_num,217,introduction    to    statistical    concepts    and    methods
sections,course_num,217,statistics    217    introduction    to    statistical    concepts    and    methods
sections,course_num,021-0237,engineering    west    room    0237
sections,course_num,021-0237,engineering    west  
sections,course_num,021-0237,engineering
sections,course_num,021-0237,engineeringwest
sections,course_room,021-0237,021-0237
sections,course_num,217,introduction    to    statistical    concepts    and    methods
sections,course_num,217,statistics    217    introduction    to    statistical    concepts    and    methods
sections,course_num,021-0237,engineering    west    room    0237
sections,course_num,021-0237,engineering    west  
sections,course_num,021-0237,engineering
sections,course_num,021-0237,engineeringwest
sections,course_room,021-0237,021-0237
sections,course_num,217,introduction    to    statistical    concepts    and    methods
sections,course_num,217,statistics    217    introduction    to    statistical    concepts    and    methods
sections,course_num,021-0237,engineering    west    room    0237
sections,course_num,021-0237,engineering    west  
sections,course_num,021-0237,engineering
sections,course_num,021-0237,engineeringwest
sections,course_room,021-0237,021-0237
sections,course_num,217,introduction    to    statistical    concepts    and    methods
sections,course_num,217,statistics    217    introduction    to    statistical    concepts    and    methods
sections,course_num,021-0237,engineering    west    room    0237
sections,course_num,021-0237,engineering    west  
sections,course_num,021-0237,engineering
sections,course_num,021-0237,engineeringwest
sections,course_room,021-0237,021-0237
sections,course_num,434,statistical    learning:    methods    and    applications
sections,course_num,434,statistics    434    statistical    learning:    methods    and    applications
sections,course_num,038-0123,mathematics    and    science    room    0123
sections,course_num,038-0123,mathematics    and    science  
sections,course_num,038-0123,mathematics
sections,course_num,038-0123,mathematicsand
sections,course_room,038-0123,038-0123
sections,course_num,science,452    data    science    capstone    ii
sections,course_num,science,data    science    452    data    science    capstone    ii
sections,course_num,014-0257,pilling    building    room    0257
sections,course_num,014-0257,pilling    building  
sections,course_num,014-0257,pilling
sections,course_num,014-0257,pillingbuilding
sections,course_room,014-0257,014-0257
sections,course_num,science,452    data    science    capstone    ii
sections,course_num,science,data    science    452    data    science    capstone    ii
sections,course_num,014-0257,pilling    building    room    0257
sections,course_num,014-0257,pilling    building  
sections,course_num,014-0257,pilling
sections,course_num,014-0257,pillingbuilding
sections,course_room,014-0257,014-0257
sections,course_num,350,probability    and    random    processes    for    engineers
sections,course_num,350,statistics    350    probability    and    random    processes    for    engineers
sections,course_num,014-0252,pilling    building    room    0252
sections,course_num,014-0252,pilling    building  
sections,course_num,014-0252,pilling
sections,course_num,014-0252,pillingbuilding
sections,course_room,014-0252,014-0252
sections,course_num,350,probability    and    random    processes    for    engineers
sections,course_num,350,statistics    350    probability    and    random    processes    for    engineers
sections,course_num,014-0252,pilling    building    room    0252
sections,course_num,014-0252,pilling    building  
sections,course_num,014-0252,pilling
sections,course_num,014-0252,pillingbuilding
sections,course_room,014-0252,014-0252
sections,course_num,313,applied    experimental    design    and    regression    models
sections,course_num,313,statistics    313    applied    experimental    design    and    regression    models
sections,course_num,014-0247,pilling    building    room    0247
sections,course_num,014-0247,pilling    building  
sections,course_num,014-0247,pilling
sections,course_num,014-0247,pillingbuilding
sections,course_room,014-0247,014-0247
sections,course_num,313,applied    experimental    design    and    regression    models
sections,course_num,313,statistics    313    applied    experimental    design    and    regression    models
sections,course_num,014-0247,pilling    building    room    0247
sections,course_num,014-0247,pilling    building  
sections,course_num,014-0247,pilling
sections,course_num,014-0247,pillingbuilding
sections,course_room,014-0247,014-0247
sections,course_num,313,applied    experimental    design    and    regression    models
sections,course_num,313,statistics    313    applied    experimental    design    and    regression    models
sections,course_num,035-0111b,kennedy    library    room    0111b
sections,course_num,035-0111b,kennedy    library  
sections,course_num,035-0111b,kennedy
sections,course_num,035-0111b,kennedylibrary
sections,course_room,035-0111b,035-0111b
sections,course_num,313,applied    experimental    design    and    regression    models
sections,course_num,313,statistics    313    applied    experimental    design    and    regression    models
sections,course_num,035-0111b,kennedy    library    room    0111b
sections,course_num,035-0111b,kennedy    library  
sections,course_num,035-0111b,kennedy
sections,course_num,035-0111b,kennedylibrary
sections,course_room,035-0111b,035-0111b
sections,course_num,313,applied    experimental    design    and    regression    models
sections,course_num,313,statistics    313    applied    experimental    design    and    regression    models
sections,course_num,014-0247,pilling    building    room    0247
sections,course_num,014-0247,pilling    building  
sections,course_num,014-0247,pilling
sections,course_num,014-0247,pillingbuilding
sections,course_room,014-0247,014-0247
sections,course_num,313,applied    experimental    design    and    regression    models
sections,course_num,313,statistics    313    applied    experimental    design    and    regression    models
sections,course_num,035-0111b,kennedy    library    room    0111b
sections,course_num,035-0111b,kennedy    library  
sections,course_num,035-0111b,kennedy
sections,course_num,035-0111b,kennedylibrary
sections,course_room,035-0111b,035-0111b
sections,course_num,513,applied    experimental    design    and    regression    models
sections,course_num,513,statistics    513    applied    experimental    design    and    regression    models
sections,course_num,010-0111,erhart    agriculture    room    0111
sections,course_num,010-0111,erhart    agriculture  
sections,course_num,010-0111,erhart
sections,course_num,010-0111,erhartagriculture
sections,course_room,010-0111,010-0111
sections,course_num,218,applied    statistics    for    the    life    sciences
sections,course_num,218,statistics    218    applied    statistics    for    the    life    sciences
sections,course_num,014-0251,pilling    building    room    0251
sections,course_num,014-0251,pilling    building  
sections,course_num,014-0251,pilling
sections,course_num,014-0251,pillingbuilding
sections,course_room,014-0251,014-0251
sections,course_num,218,applied    statistics    for    the    life    sciences
sections,course_num,218,statistics    218    applied    statistics    for    the    life    sciences
sections,course_num,014-0251,pilling    building    room    0251
sections,course_num,014-0251,pilling    building  
sections,course_num,014-0251,pilling
sections,course_num,014-0251,pillingbuilding
sections,course_room,014-0251,014-0251
sections,course_num,513,applied    experimental    design    and    regression    models
sections,course_num,513,statistics    513    applied    experimental    design    and    regression    models
sections,course_num,035-0111b,kennedy    library    room    0111b
sections,course_num,035-0111b,kennedy    library  
sections,course_num,035-0111b,kennedy
sections,course_num,035-0111b,kennedylibrary
sections,course_room,035-0111b,035-0111b
sections,course_num,218,applied    statistics    for    the    life    sciences
sections,course_num,218,statistics    218    applied    statistics    for    the    life    sciences
sections,course_num,014-0251,pilling    building    room    0251
sections,course_num,014-0251,pilling    building  
sections,course_num,014-0251,pilling
sections,course_num,014-0251,pillingbuilding
sections,course_room,014-0251,014-0251
sections,course_num,218,applied    statistics    for    the    life    sciences
sections,course_num,218,statistics    218    applied    statistics    for    the    life    sciences
sections,course_num,014-0251,pilling    building    room    0251
sections,course_num,014-0251,pilling    building  
sections,course_num,014-0251,pilling
sections,course_num,014-0251,pillingbuilding
sections,course_room,014-0251,014-0251
sections,course_num,405,applied    probability    models
sections,course_num,405,statistics    405    applied    probability    models
sections,course_num,014-0251,pilling    building    room    0251
sections,course_num,014-0251,pilling    building  
sections,course_num,014-0251,pilling
sections,course_num,014-0251,pillingbuilding
sections,course_room,014-0251,014-0251
sections,course_num,218,applied    statistics    for    the    life    sciences
sections,course_num,218,statistics    218    applied    statistics    for    the    life    sciences
sections,course_num,014-0251,pilling    building    room    0251
sections,course_num,014-0251,pilling    building  
sections,course_num,014-0251,pilling
sections,course_num,014-0251,pillingbuilding
sections,course_room,014-0251,014-0251
sections,course_num,218,applied    statistics    for    the    life    sciences
sections,course_num,218,statistics    218    applied    statistics    for    the    life    sciences
sections,course_num,014-0251,pilling    building    room    0251
sections,course_num,014-0251,pilling    building  
sections,course_num,014-0251,pilling
sections,course_num,014-0251,pillingbuilding
sections,course_room,014-0251,014-0251
sections,course_num,218,applied    statistics    for    the    life    sciences
sections,course_num,218,statistics    218    applied    statistics    for    the    life    sciences
sections,course_num,014-0251,pilling    building    room    0251
sections,course_num,014-0251,pilling    building  
sections,course_num,014-0251,pilling
sections,course_num,014-0251,pillingbuilding
sections,course_room,014-0251,014-0251
sections,course_num,423,design    and    analysis    of    experiments    ii
sections,course_num,423,statistics    423    design    and    analysis    of    experiments    ii
sections,course_num,014-0252,pilling    building    room    0252
sections,course_num,014-0252,pilling    building  
sections,course_num,014-0252,pilling
sections,course_num,014-0252,pillingbuilding
sections,course_room,014-0252,014-0252
sections,course_num,410,statistics    education:    pedagogy    content    technology    and    assessment
sections,course_num,410,statistics    410    statistics    education:    pedagogy    content    technology    and    assessment
sections,course_num,005-0226,architecture    &amp;    environmental    design    room    0226
sections,course_num,005-0226,architecture    &amp;    environmental    design  
sections,course_num,005-0226,architecture
sections,course_num,005-0226,architecture&amp;
sections,course_room,005-0226,005-0226
sections,course_num,217,introduction    to    statistical    concepts    and    methods
sections,course_num,217,statistics    217    introduction    to    statistical    concepts    and    methods
sections,course_num,038-0204,mathematics    and    science    room    0204
sections,course_num,038-0204,mathematics    and    science  
sections,course_num,038-0204,mathematics
sections,course_num,038-0204,mathematicsand
sections,course_room,038-0204,038-0204
sections,course_num,217,introduction    to    statistical    concepts    and    methods
sections,course_num,217,statistics    217    introduction    to    statistical    concepts    and    methods
sections,course_num,180-0265,baker    center    for    science    room    0265
sections,course_num,180-0265,baker    center    for    science  
sections,course_num,180-0265,baker
sections,course_num,180-0265,bakercenter
sections,course_room,180-0265,180-0265
sections,course_num,217,introduction    to    statistical    concepts    and    methods
sections,course_num,217,statistics    217    introduction    to    statistical    concepts    and    methods
sections,course_num,038-0204,mathematics    and    science    room    0204
sections,course_num,038-0204,mathematics    and    science  
sections,course_num,038-0204,mathematics
sections,course_num,038-0204,mathematicsand
sections,course_room,038-0204,038-0204
sections,course_num,302,statistics    ii
sections,course_num,302,statistics    302    statistics    ii
sections,course_num,010-0223,erhart    agriculture    room    0223
sections,course_num,010-0223,erhart    agriculture  
sections,course_num,010-0223,erhart
sections,course_num,010-0223,erhartagriculture
sections,course_room,010-0223,010-0223
sections,course_num,334,applied    linear    models
sections,course_num,334,statistics    334    applied    linear    models
sections,course_num,021-0238,engineering    west    room    0238
sections,course_num,021-0238,engineering    west  
sections,course_num,021-0238,engineering
sections,course_num,021-0238,engineeringwest
sections,course_room,021-0238,021-0238
sections,course_num,334,applied    linear    models
sections,course_num,334,statistics    334    applied    linear    models
sections,course_num,021-0238,engineering    west    room    0238
sections,course_num,021-0238,engineering    west  
sections,course_num,021-0238,engineering
sections,course_num,021-0238,engineeringwest
sections,course_room,021-0238,021-0238
sections,course_num,252,statistical    inference    for    management    ii
sections,course_num,252,statistics    252    statistical    inference    for    management    ii
sections,course_num,014-0252,pilling    building    room    0252
sections,course_num,014-0252,pilling    building  
sections,course_num,014-0252,pilling
sections,course_num,014-0252,pillingbuilding
sections,course_room,014-0252,014-0252
sections,course_num,252,statistical    inference    for    management    ii
sections,course_num,252,statistics    252    statistical    inference    for    management    ii
sections,course_num,014-0252,pilling    building    room    0252
sections,course_num,014-0252,pilling    building  
sections,course_num,014-0252,pilling
sections,course_num,014-0252,pillingbuilding
sections,course_room,014-0252,014-0252
sections,course_num,252,statistical    inference    for    management    ii
sections,course_num,252,statistics    252    statistical    inference    for    management    ii
sections,course_num,038-0123,mathematics    and    science    room    0123
sections,course_num,038-0123,mathematics    and    science  
sections,course_num,038-0123,mathematics
sections,course_num,038-0123,mathematicsand
sections,course_room,038-0123,038-0123
sections,course_num,252,statistical    inference    for    management    ii
sections,course_num,252,statistics    252    statistical    inference    for    management    ii
sections,course_num,014-0252,pilling    building    room    0252
sections,course_num,014-0252,pilling    building  
sections,course_num,014-0252,pilling
sections,course_num,014-0252,pillingbuilding
sections,course_room,014-0252,014-0252
sections,course_num,252,statistical    inference    for    management    ii
sections,course_num,252,statistics    252    statistical    inference    for    management    ii
sections,course_num,038-0123,mathematics    and    science    room    0123
sections,course_num,038-0123,mathematics    and    science  
sections,course_num,038-0123,mathematics
sections,course_num,038-0123,mathematicsand
sections,course_room,038-0123,038-0123
sections,course_num,252,statistical    inference    for    management    ii
sections,course_num,252,statistics    252    statistical    inference    for    management    ii
sections,course_num,038-0123,mathematics    and    science    room    0123
sections,course_num,038-0123,mathematics    and    science  
sections,course_num,038-0123,mathematics
sections,course_num,038-0123,mathematicsand
sections,course_room,038-0123,038-0123
sections,course_num,252,statistical    inference    for    management    ii
sections,course_num,252,statistics    252    statistical    inference    for    management    ii
sections,course_num,014-0252,pilling    building    room    0252
sections,course_num,014-0252,pilling    building  
sections,course_num,014-0252,pilling
sections,course_num,014-0252,pillingbuilding
sections,course_room,014-0252,014-0252
sections,course_num,252,statistical    inference    for    management    ii
sections,course_num,252,statistics    252    statistical    inference    for    management    ii
sections,course_num,038-0123,mathematics    and    science    room    0123
sections,course_num,038-0123,mathematics    and    science  
sections,course_num,038-0123,mathematics
sections,course_num,038-0123,mathematicsand
sections,course_room,038-0123,038-0123
sections,course_num,252,statistical    inference    for    management    ii
sections,course_num,252,statistics    252    statistical    inference    for    management    ii
sections,course_num,014-0252,pilling    building    room    0252
sections,course_num,014-0252,pilling    building  
sections,course_num,014-0252,pilling
sections,course_num,014-0252,pillingbuilding
sections,course_room,014-0252,014-0252
sections,course_num,252,statistical    inference    for    management    ii
sections,course_num,252,statistics    252    statistical    inference    for    management    ii
sections,course_num,038-0123,mathematics    and    science    room    0123
sections,course_num,038-0123,mathematics    and    science  
sections,course_num,038-0123,mathematics
sections,course_num,038-0123,mathematicsand
sections,course_room,038-0123,038-0123
sections,course_num,462,senior    project    ii
sections,course_num,462,statistics    462    senior    project    ii
sections,course_num,014-0250,pilling    building    room    0250
sections,course_num,014-0250,pilling    building  
sections,course_num,014-0250,pilling
sections,course_num,014-0250,pillingbuilding
sections,course_room,014-0250,014-0250
sections,course_num,217,introduction    to    statistical    concepts    and    methods
sections,course_num,217,statistics    217    introduction    to    statistical    concepts    and    methods
sections,course_num,014-0250,pilling    building    room    0250
sections,course_num,014-0250,pilling    building  
sections,course_num,014-0250,pilling
sections,course_num,014-0250,pillingbuilding
sections,course_room,014-0250,014-0250
sections,course_num,589,educational    research    methods
sections,course_num,589,education    589    educational    research    methods
sections,course_num,002-0126,cotchett    education    room    0126
sections,course_num,002-0126,cotchett    education  
sections,course_num,002-0126,cotchett
sections,course_num,002-0126,cotchetteducation
sections,course_room,002-0126,002-0126
sections,course_num,589,educational    research    methods
sections,course_num,589,education    589    educational    research    methods
sections,course_num,002-0126,cotchett    education    room    0126
sections,course_num,002-0126,cotchett    education  
sections,course_num,002-0126,cotchett
sections,course_num,002-0126,cotchetteducation
sections,course_room,002-0126,002-0126
sections,course_num,217,introduction    to    statistical    concepts    and    methods
sections,course_num,217,statistics    217    introduction    to    statistical    concepts    and    methods
sections,course_num,014-0250,pilling    building    room    0250
sections,course_num,014-0250,pilling    building  
sections,course_num,014-0250,pilling
sections,course_num,014-0250,pillingbuilding
sections,course_room,014-0250,014-0250
sections,course_num,217,introduction    to    statistical    concepts    and    methods
sections,course_num,217,statistics    217    introduction    to    statistical    concepts    and    methods
sections,course_num,014-0250,pilling    building    room    0250
sections,course_num,014-0250,pilling    building  
sections,course_num,014-0250,pilling
sections,course_num,014-0250,pillingbuilding
sections,course_room,014-0250,014-0250
sections,course_num,589,educational    research    methods
sections,course_num,589,education    589    educational    research    methods
sections,course_num,002-0126,cotchett    education    room    0126
sections,course_num,002-0126,cotchett    education  
sections,course_num,002-0126,cotchett
sections,course_num,002-0126,cotchetteducation
sections,course_room,002-0126,002-0126
sections,course_num,589,educational    research    methods
sections,course_num,589,education    589    educational    research    methods
sections,course_num,002-0126,cotchett    education    room    0126
sections,course_num,002-0126,cotchett    education  
sections,course_num,002-0126,cotchett
sections,course_num,002-0126,cotchetteducation
sections,course_room,002-0126,002-0126
sections,course_num,218,applied    statistics    for    the    life    sciences
sections,course_num,218,statistics    218    applied    statistics    for    the    life    sciences
sections,course_num,010-0126,erhart    agriculture    room    0126
sections,course_num,010-0126,erhart    agriculture  
sections,course_num,010-0126,erhart
sections,course_num,010-0126,erhartagriculture
sections,course_room,010-0126,010-0126
sections,course_num,218,applied    statistics    for    the    life    sciences
sections,course_num,218,statistics    218    applied    statistics    for    the    life    sciences
sections,course_num,010-0126,erhart    agriculture    room    0126
sections,course_num,010-0126,erhart    agriculture  
sections,course_num,010-0126,erhart
sections,course_num,010-0126,erhartagriculture
sections,course_room,010-0126,010-0126
sections,course_num,218,applied    statistics    for    the    life    sciences
sections,course_num,218,statistics    218    applied    statistics    for    the    life    sciences
sections,course_num,010-0126,erhart    agriculture    room    0126
sections,course_num,010-0126,erhart    agriculture  
sections,course_num,010-0126,erhart
sections,course_num,010-0126,erhartagriculture
sections,course_room,010-0126,010-0126
sections,course_num,218,applied    statistics    for    the    life    sciences
sections,course_num,218,statistics    218    applied    statistics    for    the    life    sciences
sections,course_num,010-0126,erhart    agriculture    room    0126
sections,course_num,010-0126,erhart    agriculture  
sections,course_num,010-0126,erhart
sections,course_num,010-0126,erhartagriculture
sections,course_room,010-0126,010-0126
sections,course_num,441,sas    advanced    certification    preparation
sections,course_num,441,statistics    441    sas    advanced    certification    preparation
sections,course_num,010-0204,erhart    agriculture    room    0204
sections,course_num,010-0204,erhart    agriculture  
sections,course_num,010-0204,erhart
sections,course_num,010-0204,erhartagriculture
sections,course_room,010-0204,010-0204
sections,course_num,251,statistical    inference    for    management    i
sections,course_num,251,statistics    251    statistical    inference    for    management    i
sections,course_num,014-0250,pilling    building    room    0250
sections,course_num,014-0250,pilling    building  
sections,course_num,014-0250,pilling
sections,course_num,014-0250,pillingbuilding
sections,course_room,014-0250,014-0250
sections,course_num,251,statistical    inference    for    management    i
sections,course_num,251,statistics    251    statistical    inference    for    management    i
sections,course_num,014-0250,pilling    building    room    0250
sections,course_num,014-0250,pilling    building  
sections,course_num,014-0250,pilling
sections,course_num,014-0250,pillingbuilding
sections,course_room,014-0250,014-0250
sections,course_num,251,statistical    inference    for    management    i
sections,course_num,251,statistics    251    statistical    inference    for    management    i
sections,course_num,014-0250,pilling    building    room    0250
sections,course_num,014-0250,pilling    building  
sections,course_num,014-0250,pilling
sections,course_num,014-0250,pillingbuilding
sections,course_room,014-0250,014-0250
sections,course_num,251,statistical    inference    for    management    i
sections,course_num,251,statistics    251    statistical    inference    for    management    i
sections,course_num,014-0250,pilling    building    room    0250
sections,course_num,014-0250,pilling    building  
sections,course_num,014-0250,pilling
sections,course_num,014-0250,pillingbuilding
sections,course_room,014-0250,014-0250
sections,course_num,462,senior    project    ii
sections,course_num,462,statistics    462    senior    project    ii
sections,course_num,038-0123,mathematics    and    science    room    0123
sections,course_num,038-0123,mathematics    and    science  
sections,course_num,038-0123,mathematics
sections,course_num,038-0123,mathematicsand
sections,course_room,038-0123,038-0123
sections,course_num,252,statistical    inference    for    management    ii
sections,course_num,252,statistics    252    statistical    inference    for    management    ii
sections,course_num,020-0139,engineering    east    room    0139
sections,course_num,020-0139,engineering    east  
sections,course_num,020-0139,engineering
sections,course_num,020-0139,engineeringeast
sections,course_room,020-0139,020-0139
sections,course_num,252,statistical    inference    for    management    ii
sections,course_num,252,statistics    252    statistical    inference    for    management    ii
sections,course_num,020-0139,engineering    east    room    0139
sections,course_num,020-0139,engineering    east  
sections,course_num,020-0139,engineering
sections,course_num,020-0139,engineeringeast
sections,course_room,020-0139,020-0139
sections,course_num,252,statistical    inference    for    management    ii
sections,course_num,252,statistics    252    statistical    inference    for    management    ii
sections,course_num,020-0139,engineering    east    room    0139
sections,course_num,020-0139,engineering    east  
sections,course_num,020-0139,engineering
sections,course_num,020-0139,engineeringeast
sections,course_room,020-0139,020-0139
sections,course_num,252,statistical    inference    for    management    ii
sections,course_num,252,statistics    252    statistical    inference    for    management    ii
sections,course_num,020-0139,engineering    east    room    0139
sections,course_num,020-0139,engineering    east  
sections,course_num,020-0139,engineering
sections,course_num,020-0139,engineeringeast
sections,course_room,020-0139,020-0139
sections,course_num,251,statistical    inference    for    management    i
sections,course_num,251,statistics    251    statistical    inference    for    management    i
sections,course_num,186-c203,construction    innovations    center    room    c203
sections,course_num,186-c203,construction    innovations    center  
sections,course_num,186-c203,construction
sections,course_num,186-c203,constructioninnovations
sections,course_room,186-c203,186-c203
sections,course_num,251,statistical    inference    for    management    i
sections,course_num,251,statistics    251    statistical    inference    for    management    i
sections,course_num,186-c203,construction    innovations    center    room    c203
sections,course_num,186-c203,construction    innovations    center  
sections,course_num,186-c203,construction
sections,course_num,186-c203,constructioninnovations
sections,course_room,186-c203,186-c203
sections,course_type,lecture,lecture
sections,course_type,lecture,lec
sections,course_type,laboratory,laboratory
sections,course_type,laboratory,lab
sections,course_type,lecture,lecs
sections,course_type,lecture,lectures
sections,course_type,laboratory,labs
sections,course_type,independent    study,independent    study
sections,course_type,independent    study,ind
sections,course_type,activity,activity
sections,course_type,activity,activities
sections,course_type,intependent  study,independent  studies
sections,course_type,seminar,seminar
sections,course_type,seminar,seminars
sections,course_days,monday,monday
sections,course_days,monday,m
sections,course_days,monday,mon
sections,course_days,tuesday,tuesday
sections,course_days,tuesday,t
sections,course_days,tuesday,tues
sections,course_days,tuesday,tu
sections,course_days,wednesday,wednesday
sections,course_days,wednesday,wed
sections,course_days,wednesday,w
sections,course_days,thursday,thurs
sections,course_days,thursday,thursday
sections,course_days,thursday,th
sections,course_days,thursday,tr
